plot,years,site,plant_id,size_t0,size_t1,surv,no_fl,SL,new_ind
1,2018 - 2019,Halle,1,6,4,1,0,3,0
1,2018 - 2019,Halle,2,4,6,1,0,3,0
1,2018 - 2019,Halle,2,4,6,1,0,3,0
1,2018 - 2019,Halle,3,3,1,1,0,3,0
1,2018 - 2019,Halle,4,5,2,1,0,3,0
1,2018 - 2019,Halle,5,5,3,1,0,3,0
1,2018 - 2019,Halle,5,4,3,1,0,3,0
1,2018 - 2019,Halle,6,5,5,1,0,3,0
1,2018 - 2019,Halle,6,NA,5,0,0,3,1
1,2018 - 2019,Halle,7,7,8,1,0,3,0
1,2018 - 2019,Halle,8,6,4,1,0,3,0
1,2018 - 2019,Halle,8,2,4,1,0,3,0
1,2018 - 2019,Halle,9,4,9,1,2,3,0
1,2018 - 2019,Halle,11,6,7,1,2,3,0
1,2018 - 2019,Halle,13,3,2,1,0,3,0
1,2018 - 2019,Halle,15,4,2,1,0,3,0
1,2018 - 2019,Halle,17,5,7,1,0,3,0
1,2018 - 2019,Halle,19,4,9,1,0,3,0
2,2018 - 2019,Halle,21,6,17,1,0,0,0
2,2018 - 2019,Halle,23,5,10,1,0,0,0
2,2018 - 2019,Halle,25,4,4,1,0,0,0
2,2018 - 2019,Halle,25,2,4,1,0,0,0
5,2018 - 2019,Halle,28,4,NA,0,0,2,0
5,2018 - 2019,Halle,32,4,NA,0,0,2,0
5,2018 - 2019,Halle,33,3,NA,0,0,2,0
5,2018 - 2019,Halle,34,3,NA,0,0,2,0
5,2018 - 2019,Halle,57,6,NA,0,0,2,0
5,2018 - 2019,Halle,45,3,NA,0,0,2,0
5,2018 - 2019,Halle,45,1,NA,0,0,2,0
5,2018 - 2019,Halle,44,4,NA,0,0,2,0
5,2018 - 2019,Halle,48,2,NA,0,0,2,0
5,2018 - 2019,Halle,41,4,5,1,0,2,0
5,2018 - 2019,Halle,37,7,5,1,0,2,0
5,2018 - 2019,Halle,38,6,5,1,0,2,0
5,2018 - 2019,Halle,36,7,5,1,1,2,0
5,2018 - 2019,Halle,42,8,4,1,1,2,0
5,2018 - 2019,Halle,29,2,NA,0,0,2,0
5,2018 - 2019,Halle,31,8,NA,0,1,2,0
5,2018 - 2019,Halle,46,5,4,1,1,2,0
5,2018 - 2019,Halle,43,5,NA,0,0,2,0
5,2018 - 2019,Halle,47,4,NA,0,0,2,0
6,2018 - 2019,Halle,66,4,NA,0,0,2,0
6,2018 - 2019,Halle,69,9,NA,0,0,2,0
6,2018 - 2019,Halle,69,5,NA,0,0,2,0
6,2018 - 2019,Halle,86,4,NA,0,0,2,0
6,2018 - 2019,Halle,71,5,NA,0,0,2,0
6,2018 - 2019,Halle,83,4,NA,0,1,2,0
6,2018 - 2019,Halle,89,4,NA,0,0,2,0
6,2018 - 2019,Halle,67,3,NA,0,0,2,0
6,2018 - 2019,Halle,67,4,NA,0,0,2,0
6,2018 - 2019,Halle,87,5,NA,0,0,2,0
6,2018 - 2019,Halle,70,3,NA,0,2,2,0
6,2018 - 2019,Halle,84,4,NA,0,0,2,0
6,2018 - 2019,Halle,85,3,NA,0,0,2,0
6,2018 - 2019,Halle,85,3,NA,0,0,2,0
6,2018 - 2019,Halle,85,3,NA,0,0,2,0
6,2018 - 2019,Halle,93,5,5,1,0,2,0
7,2018 - 2019,Halle,103,9,6,1,1,0,0
7,2018 - 2019,Halle,109,5,NA,0,0,0,0
7,2018 - 2019,Halle,109,4,NA,0,0,0,0
7,2018 - 2019,Halle,111,3,NA,0,0,0,0
7,2018 - 2019,Halle,110,5,4,1,2,0,0
7,2018 - 2019,Halle,108,4,1,1,0,0,0
7,2018 - 2019,Halle,105,4,3,1,0,0,0
4,2018 - 2019,Halle,92,5,NA,0,0,2,0
4,2018 - 2019,Halle,94,4,4,1,0,2,0
4,2018 - 2019,Halle,95,3,NA,0,0,2,0
4,2018 - 2019,Halle,96,4,NA,0,0,2,0
4,2018 - 2019,Halle,97,6,4,1,0,2,0
4,2018 - 2019,Halle,98,4,3,1,0,2,0
4,2018 - 2019,Halle,100,4,NA,0,0,2,0
4,2018 - 2019,Halle,104,3,NA,0,0,2,0
4,2018 - 2019,Halle,114,3,1,1,0,2,0
4,2018 - 2019,Halle,78,4,5,1,0,2,0
4,2018 - 2019,Halle,80,4,2,1,0,2,0
4,2018 - 2019,Halle,81,7,13,1,0,2,0
4,2018 - 2019,Halle,82,3,4,1,0,2,0
4,2018 - 2019,Halle,88,3,4,1,0,2,0
4,2018 - 2019,Halle,89,5,NA,0,0,2,0
4,2018 - 2019,Halle,90,5,3,1,0,2,0
4,2018 - 2019,Halle,91,4,NA,0,0,2,0
4,2018 - 2019,Halle,92,4,NA,0,0,2,0
4,2018 - 2019,Halle,102,50,NA,0,0,2,0
4,2018 - 2019,Halle,99,30,3,1,0,2,0
4,2018 - 2019,Halle,99,30,3,1,0,2,0
4,2018 - 2019,Halle,101,30,NA,0,0,2,0
4,2018 - 2019,Halle,53,4,NA,0,0,2,0
4,2018 - 2019,Halle,54,3,NA,0,0,2,0
4,2018 - 2019,Halle,55,5,4,1,0,2,0
4,2018 - 2019,Halle,56,6,4,1,0,2,0
4,2018 - 2019,Halle,59,10,13,1,2,2,0
4,2018 - 2019,Halle,59,4,13,1,0,2,0
4,2018 - 2019,Halle,60,6,8,1,1,2,0
4,2018 - 2019,Halle,61,5,4,1,0,2,0
4,2018 - 2019,Halle,62,20,3,1,0,2,0
4,2018 - 2019,Halle,63,4,3,1,0,2,0
4,2018 - 2019,Halle,64,5,13,1,0,2,0
4,2018 - 2019,Halle,65,6,16,1,0,2,0
4,2018 - 2019,Halle,72,6,4,1,0,2,0
4,2018 - 2019,Halle,74,5,11,1,0,2,0
4,2018 - 2019,Halle,75,6,4,1,1,2,0
4,2018 - 2019,Halle,76,4,3,1,0,2,0
4,2018 - 2019,Halle,77,2,3,1,0,2,0
4,2018 - 2019,Halle,79,2,NA,0,0,2,0
3,2018 - 2019,Halle,39,7,NA,0,0,1,0
3,2018 - 2019,Halle,40,3,NA,0,0,1,0
4,2018 - 2019,Halle,49,5,8,1,0,2,0
4,2018 - 2019,Halle,50,4,4,1,1,2,0
4,2018 - 2019,Halle,51,9,4,1,1,2,0
4,2018 - 2019,Halle,52,5,5,1,0,2,0
4,2018 - 2019,Halle,52,2,5,1,0,2,0
4,2018 - 2019,Halle,52,6,5,1,1,2,0
4,2018 - 2019,Halle,53,4,NA,0,0,2,0
3,2018 - 2019,Halle,10,5,3,1,2,1,0
3,2018 - 2019,Halle,12,5,3,1,0,1,0
3,2018 - 2019,Halle,14,3,3,1,0,1,0
3,2018 - 2019,Halle,16,6,4,1,0,1,0
3,2018 - 2019,Halle,16,4,4,1,0,1,0
3,2018 - 2019,Halle,16,3,4,1,0,1,0
3,2018 - 2019,Halle,18,5,4,1,2,1,0
3,2018 - 2019,Halle,20,3,NA,0,0,1,0
3,2018 - 2019,Halle,22,7,3,1,2,1,0
3,2018 - 2019,Halle,22,7,3,1,0,1,0
3,2018 - 2019,Halle,22,7,3,1,0,1,0
3,2018 - 2019,Halle,24,3,NA,0,0,1,0
3,2018 - 2019,Halle,26,7,4,1,1,1,0
3,2018 - 2019,Halle,30,5,8,1,0,1,0
3,2018 - 2019,Halle,27,5,NA,0,1,1,0
3,2018 - 2019,Halle,35,2,NA,0,0,1,0
3,2018 - 2019,Halle,35,5,NA,0,0,1,0
3,2018 - 2019,Halle,35,4,NA,0,0,1,0
P1,2018 - 2019,Halle,8,NA,4,0,0,0,1
P1,2018 - 2019,Halle,8,NA,4,0,0,0,1
P1,2018 - 2019,Halle,115,NA,4,0,0,0,1
P3,2018 - 2019,Halle,12,NA,3,0,0,0,1
P6,2018 - 2019,Halle,83,NA,NA,0,0,0,0
P6,2018 - 2019,Halle,87,NA,NA,0,0,0,0
P1,2019 - 2020,Halle,2,4,5,1,0,0,0
P1,2019 - 2020,Halle,2,6,5,1,0,0,0
P1,2019 - 2020,Halle,3,1,7,1,1,0,0
P1,2019 - 2020,Halle,4,3,NA,0,0,0,0
P1,2019 - 2020,Halle,5,3,2,1,0,0,0
P1,2019 - 2020,Halle,5,3,2,1,1,0,0
P1,2019 - 2020,Halle,6,4,6,1,0,0,0
P1,2019 - 2020,Halle,6,5,6,1,0,0,0
P1,2019 - 2020,Halle,7,8,7,1,0,0,0
P1,2019 - 2020,Halle,8,4,NA,0,0,0,0
P1,2019 - 2020,Halle,8,4,NA,0,0,0,0
P1,2019 - 2020,Halle,9,9,3,1,0,0,0
P1,2019 - 2020,Halle,11,7,5,1,0,0,0
P1,2019 - 2020,Halle,13,2,NA,0,0,0,0
P1,2019 - 2020,Halle,15,3,NA,0,0,0,0
P1,2019 - 2020,Halle,17,7,3,1,0,0,0
P1,2019 - 2020,Halle,19,9,NA,0,0,0,0
P1,2019 - 2020,Halle,4,2,NA,0,0,0,0
P1,2019 - 2020,Halle,115,4,2,1,0,0,0
P1,2019 - 2020,Halle,112,5,9,1,0,0,0
P2,2019 - 2020,Halle,15,2,NA,0,0,0,0
P2,2019 - 2020,Halle,21,17,9,1,0,0,0
P2,2019 - 2020,Halle,23,10,NA,0,0,0,0
P2,2019 - 2020,Halle,25,4,NA,0,0,0,0
P2,2019 - 2020,Halle,25,4,NA,0,0,0,0
P3,2019 - 2020,Halle,10,4,4,1,0,0,0
P3,2019 - 2020,Halle,12,3,NA,0,0,0,0
P3,2019 - 2020,Halle,14,3,NA,0,0,0,0
P3,2019 - 2020,Halle,16,3,NA,0,0,0,0
P3,2019 - 2020,Halle,16,6,NA,0,0,0,0
P3,2019 - 2020,Halle,16,4,NA,0,0,0,0
P3,2019 - 2020,Halle,18,4,NA,0,0,0,0
P3,2019 - 2020,Halle,22,3,NA,0,0,0,0
P3,2019 - 2020,Halle,22,2,NA,0,0,0,0
P3,2019 - 2020,Halle,22,3,NA,0,0,0,0
P3,2019 - 2020,Halle,26,4,NA,0,1,0,0
P3,2019 - 2020,Halle,30,8,NA,0,0,0,0
P4,2019 - 2020,Halle,10,3,4,1,0,0,0
P4,2019 - 2020,Halle,26,4,NA,0,0,0,0
P4,2019 - 2020,Halle,26,4,NA,0,0,0,0
P4,2019 - 2020,Halle,94,4,NA,0,0,0,0
P4,2019 - 2020,Halle,97,4,NA,0,0,0,0
P4,2019 - 2020,Halle,98,3,NA,0,0,0,0
P4,2019 - 2020,Halle,114,1,NA,0,0,0,0
P4,2019 - 2020,Halle,78,5,NA,0,2,0,0
P4,2019 - 2020,Halle,80,2,NA,0,0,0,0
P4,2019 - 2020,Halle,81,13,NA,0,0,0,0
P4,2019 - 2020,Halle,82,4,NA,0,0,0,0
P4,2019 - 2020,Halle,88,4,NA,0,0,0,0
P4,2019 - 2020,Halle,90,3,NA,0,0,0,0
P4,2019 - 2020,Halle,99,1,NA,0,0,0,0
P4,2019 - 2020,Halle,99,3,NA,0,0,0,0
P4,2019 - 2020,Halle,75,4,NA,0,0,0,0
P4,2019 - 2020,Halle,76,3,NA,0,0,0,0
P4,2019 - 2020,Halle,77,3,NA,0,0,0,0
P4,2019 - 2020,Halle,49,8,NA,0,0,0,0
P4,2019 - 2020,Halle,50,4,3,1,2,0,0
P4,2019 - 2020,Halle,51,4,NA,0,0,0,0
P4,2019 - 2020,Halle,52,2,NA,0,0,0,0
P4,2019 - 2020,Halle,52,9,NA,0,0,0,0
P4,2019 - 2020,Halle,52,5,NA,0,0,0,0
P5,2019 - 2020,Halle,55,4,NA,0,0,0,0
P5,2019 - 2020,Halle,56,4,NA,0,0,0,0
P5,2019 - 2020,Halle,59,3,NA,0,0,0,0
P5,2019 - 2020,Halle,59,13,NA,0,1,0,0
P5,2019 - 2020,Halle,60,8,NA,0,0,0,0
P5,2019 - 2020,Halle,61,4,NA,0,0,0,0
P5,2019 - 2020,Halle,62,3,NA,0,0,0,0
P5,2019 - 2020,Halle,63,3,NA,0,0,0,0
P5,2019 - 2020,Halle,64,13,NA,0,0,0,0
P5,2019 - 2020,Halle,65,16,NA,0,0,0,0
P5,2019 - 2020,Halle,72,4,NA,0,0,0,0
P5,2019 - 2020,Halle,74,11,NA,0,0,0,0
P5,2019 - 2020,Halle,34,NA,NA,0,0,1,0
P6,2019 - 2020,Halle,41,5,NA,0,0,1,0
P6,2019 - 2020,Halle,37,4,NA,0,0,1,0
P6,2019 - 2020,Halle,38,4,NA,0,0,1,0
P6,2019 - 2020,Halle,37,5,NA,0,0,1,0
P6,2019 - 2020,Halle,36,4,NA,0,0,1,0
P6,2019 - 2020,Halle,42,4,NA,0,2,1,0
P7,2019 - 2020,Halle,46,4,NA,0,0,1,0
P7,2019 - 2020,Halle,42,3,NA,0,0,1,0
P7,2019 - 2020,Halle,42,4,NA,0,0,1,0
P7,2019 - 2020,Halle,42,4,NA,0,0,1,0
P7,2019 - 2020,Halle,38,5,NA,0,0,1,0
NA,2019 - 2020,Halle,36,3,NA,0,0,1,0
NA,2019 - 2020,Halle,36,5,NA,0,0,1,0
NA,2019 - 2020,Halle,93,5,NA,0,0,0,0
NA,2019 - 2020,Halle,116,3,NA,0,0,0,0
NA,2019 - 2020,Halle,103,2,NA,0,0,0,0
NA,2019 - 2020,Halle,108,1,NA,0,0,0,0
NA,2019 - 2020,Halle,105,2,NA,0,0,0,0
NA,2019 - 2020,Halle,105,2,NA,0,0,0,0
NA,2019 - 2020,Halle,105,3,NA,0,0,0,0
NA,2019 - 2020,Halle,103,4,NA,0,0,0,0
NA,2019 - 2020,Halle,103,5,NA,0,0,0,0
NA,2019 - 2020,Halle,103,4,NA,0,0,0,0
NA,2019 - 2020,Halle,103,6,NA,0,0,0,0
P1,2019 - 2020,Halle,8,NA,2,0,0,2,1
P1,2019 - 2020,Halle,8,NA,NA,0,0,2,0
P1,2019 - 2020,Halle,115,NA,2,0,0,2,1
P2,2019 - 2020,Halle,123,NA,4,0,0,5,1
P3,2019 - 2020,Halle,12,NA,NA,0,0,3,0
P3,2019 - 2020,Halle,131,NA,2,0,0,3,1
P4,2019 - 2020,Halle,135,NA,5,0,0,8,1
P4,2019 - 2020,Halle,136,NA,3,0,0,8,1
P4,2019 - 2020,Halle,137,NA,3,0,0,8,1
P4,2019 - 2020,Halle,138,NA,3,0,0,8,1
P4,2019 - 2020,Halle,139,NA,3,0,0,8,1
P4,2019 - 2020,Halle,140,NA,4,0,0,8,1
P4,2019 - 2020,Halle,141,NA,4,0,0,8,1
P5,2019 - 2020,Halle,132,NA,3,0,0,5,1
P5,2019 - 2020,Halle,133,NA,3,0,0,5,1
P5,2019 - 2020,Halle,134,NA,4,0,0,5,1
P6,2019 - 2020,Halle,124,NA,3,0,0,2,1
P6,2019 - 2020,Halle,125,NA,4,0,0,2,1
P6,2019 - 2020,Halle,126,NA,3,0,0,2,1
P1,2020 - 2021,Halle,2,3,3,1,0,2,0
P1,2020 - 2021,Halle,2,5,3,1,1,2,0
P1,2020 - 2021,Halle,3,7,9,1,0,2,0
P1,2020 - 2021,Halle,4,6,6,1,0,2,0
P1,2020 - 2021,Halle,5,1,NA,0,0,2,0
P1,2020 - 2021,Halle,5,2,NA,0,0,2,0
P1,2020 - 2021,Halle,6,NA,6,0,0,2,1
P1,2020 - 2021,Halle,6,6,6,1,1,2,0
P1,2020 - 2021,Halle,7,7,17,1,0,2,0
P1,2020 - 2021,Halle,8,2,NA,0,0,2,0
P1,2020 - 2021,Halle,8,NA,NA,0,0,2,0
P1,2020 - 2021,Halle,9,3,4,1,0,2,0
P1,2020 - 2021,Halle,11,5,4,1,0,2,0
P2,2020 - 2021,Halle,17,3,3,1,0,2,0
P2,2020 - 2021,Halle,4,NA,6,0,0,2,1
P2,2020 - 2021,Halle,115,2,1,1,0,2,0
P2,2020 - 2021,Halle,112,9,11,1,1,2,0
P3,2020 - 2021,Halle,21,7,7,1,0,5,0
P4,2020 - 2021,Halle,21,9,7,1,0,5,0
P4,2020 - 2021,Halle,127,11,NA,0,0,5,0
P4,2020 - 2021,Halle,123,4,NA,0,0,5,0
P4,2020 - 2021,Halle,10,3,4,1,0,3,0
P5,2020 - 2021,Halle,10,4,4,1,0,3,0
P5,2020 - 2021,Halle,131,2,3,1,0,3,0
P6,2020 - 2021,Halle,135,5,7,1,0,8,0
P6,2020 - 2021,Halle,136,3,2,1,0,8,0
P6,2020 - 2021,Halle,137,3,NA,0,0,8,0
P6,2020 - 2021,Halle,138,3,4,1,0,8,0
P6,2020 - 2021,Halle,139,3,3,1,0,8,0
P7,2020 - 2021,Halle,140,4,2,1,0,8,0
NA,2020 - 2021,Halle,141,4,NA,0,0,8,0
NA,2020 - 2021,Halle,50,3,NA,0,0,6,0
NA,2020 - 2021,Halle,128,3,3,1,0,5,0
NA,2020 - 2021,Halle,129,3,13,1,0,5,0
NA,2020 - 2021,Halle,130,3,6,1,0,5,0
NA,2020 - 2021,Halle,132,3,5,1,0,5,0
NA,2020 - 2021,Halle,133,3,5,1,0,5,0
NA,2020 - 2021,Halle,134,4,NA,0,0,5,0
NA,2020 - 2021,Halle,119,3,NA,0,0,2,0
NA,2020 - 2021,Halle,120,3,5,1,0,2,0
NA,2020 - 2021,Halle,121,3,6,1,0,2,0
NA,2020 - 2021,Halle,122,3,NA,0,0,2,0
NA,2020 - 2021,Halle,124,3,4,1,0,2,0
NA,2020 - 2021,Halle,125,4,6,1,0,2,0
NA,2020 - 2021,Halle,126,3,NA,0,0,2,0
P1,2020 - 2021,Halle,8,NA,NA,0,0,0,0
P1,2020 - 2021,Halle,115,NA,1,0,0,0,1
P2,2020 - 2021,Halle,123,NA,NA,0,0,2,0
P2,2020 - 2021,Halle,0,NA,3,0,0,2,1
P3,2020 - 2021,Halle,131,NA,3,0,1,5,1
P3,2020 - 2021,Halle,178,NA,4,0,0,5,1
P4,2020 - 2021,Halle,135,NA,7,0,2,6,1
P4,2020 - 2021,Halle,136,NA,2,0,0,6,1
P4,2020 - 2021,Halle,137,NA,NA,0,0,6,0
P4,2020 - 2021,Halle,138,NA,4,0,0,6,1
P4,2020 - 2021,Halle,139,NA,3,0,0,6,1
P4,2020 - 2021,Halle,140,NA,2,0,0,6,1
P4,2020 - 2021,Halle,141,NA,5,0,0,6,1
P4,2020 - 2021,Halle,3392,NA,3,0,0,6,1
P4,2020 - 2021,Halle,179,NA,3,0,0,6,1
P4,2020 - 2021,Halle,3393,NA,4,0,0,6,1
P4,2020 - 2021,Halle,180,NA,4,0,0,6,1
P4,2020 - 2021,Halle,3395,NA,4,0,0,6,1
P4,2020 - 2021,Halle,3396,NA,4,0,0,6,1
P5,2020 - 2021,Halle,132,NA,5,0,1,1,1
P5,2020 - 2021,Halle,133,NA,5,0,0,1,1
P5,2020 - 2021,Halle,134,NA,NA,0,0,1,0
P5,2020 - 2021,Halle,141,NA,NA,0,0,1,0
P5,2020 - 2021,Halle,177,NA,4,0,0,1,1
P6,2020 - 2021,Halle,124,NA,4,0,0,8,1
P6,2020 - 2021,Halle,125,NA,6,0,0,8,1
P6,2020 - 2021,Halle,126,NA,NA,0,0,8,0
P6,2020 - 2021,Halle,174,NA,5,0,0,8,1
P6,2020 - 2021,Halle,175,NA,4,0,0,8,1
P7,2020 - 2021,Halle,173,NA,5,0,0,4,1
P1,2018 - 2019,Bad Lauchst?dt,1,9,6,1,5,0,0
P1,2018 - 2019,Bad Lauchst?dt,2,9,NA,0,6,0,0
P1,2018 - 2019,Bad Lauchst?dt,2,4,NA,0,1,0,0
P1,2018 - 2019,Bad Lauchst?dt,2,12,NA,0,2,0,0
P1,2018 - 2019,Bad Lauchst?dt,2,8,NA,0,3,0,0
P1,2018 - 2019,Bad Lauchst?dt,2,9,NA,0,3,0,0
P1,2018 - 2019,Bad Lauchst?dt,2,10,NA,0,4,0,0
P1,2018 - 2019,Bad Lauchst?dt,5,4,3,1,0,0,0
P1,2018 - 2019,Bad Lauchst?dt,4,7,NA,0,2,0,0
P1,2018 - 2019,Bad Lauchst?dt,4,18,NA,0,6,0,0
P1,2018 - 2019,Bad Lauchst?dt,4,6,NA,0,2,0,0
P1,2018 - 2019,Bad Lauchst?dt,4,9,NA,0,5,0,0
P1,2018 - 2019,Bad Lauchst?dt,4,5,NA,0,2,0,0
P1,2018 - 2019,Bad Lauchst?dt,3,15,NA,0,3,0,0
P1,2018 - 2019,Bad Lauchst?dt,3,7,NA,0,2,0,0
P2,2018 - 2019,Bad Lauchst?dt,6,39,NA,0,23,1,0
P2,2018 - 2019,Bad Lauchst?dt,7,49,NA,0,2,1,0
P2,2018 - 2019,Bad Lauchst?dt,11,5,NA,0,2,1,0
P2,2018 - 2019,Bad Lauchst?dt,10,6,NA,0,3,1,0
P2,2018 - 2019,Bad Lauchst?dt,14,29,NA,0,6,1,0
P2,2018 - 2019,Bad Lauchst?dt,15,32,NA,0,13,1,0
P2,2018 - 2019,Bad Lauchst?dt,15,36,NA,0,22,1,0
P2,2018 - 2019,Bad Lauchst?dt,16,17,NA,0,5,1,0
P3,2018 - 2019,Bad Lauchst?dt,17,52,NA,0,27,1,0
P3,2018 - 2019,Bad Lauchst?dt,18,10,7,1,0,1,0
P4,2018 - 2019,Bad Lauchst?dt,19,25,NA,0,1,0,0
P4,2018 - 2019,Bad Lauchst?dt,20,15,NA,0,7,0,0
P4,2018 - 2019,Bad Lauchst?dt,21,11,NA,0,1,0,0
P5,2018 - 2019,Bad Lauchst?dt,28,14,NA,0,8,0,0
P5,2018 - 2019,Bad Lauchst?dt,22,12,NA,0,3,0,0
P5,2018 - 2019,Bad Lauchst?dt,24,5,5,1,0,0,0
P5,2018 - 2019,Bad Lauchst?dt,23,7,NA,0,1,0,0
P5,2018 - 2019,Bad Lauchst?dt,38,16,NA,0,4,0,0
P5,2018 - 2019,Bad Lauchst?dt,26,8,NA,0,1,0,0
P5,2018 - 2019,Bad Lauchst?dt,25,12,NA,0,3,0,0
P5,2018 - 2019,Bad Lauchst?dt,27,11,NA,0,0,0,0
P6,2018 - 2019,Bad Lauchst?dt,30,3,NA,0,1,1,0
P6,2018 - 2019,Bad Lauchst?dt,29,11,6,1,0,1,0
P6,2018 - 2019,Bad Lauchst?dt,32,9,NA,0,3,1,0
P6,2018 - 2019,Bad Lauchst?dt,33,31,17,1,9,1,0
P6,2018 - 2019,Bad Lauchst?dt,31,6,NA,0,1,1,0
P6,2018 - 2019,Bad Lauchst?dt,31,4,NA,0,0,1,0
P7,2018 - 2019,Bad Lauchst?dt,57,2,NA,0,1,2,0
P7,2018 - 2019,Bad Lauchst?dt,55,4,17,1,0,2,0
P7,2018 - 2019,Bad Lauchst?dt,41,34,NA,0,33,2,0
P8,2018 - 2019,Bad Lauchst?dt,64,7,16,1,0,1,0
P8,2018 - 2019,Bad Lauchst?dt,66,10,NA,0,3,1,0
P8,2018 - 2019,Bad Lauchst?dt,67,3,5,1,0,1,0
P8,2018 - 2019,Bad Lauchst?dt,69,5,4,1,0,1,0
P8,2018 - 2019,Bad Lauchst?dt,47,7,NA,0,4,1,0
P8,2018 - 2019,Bad Lauchst?dt,43,6,NA,0,5,1,0
P7,2018 - 2019,Bad Lauchst?dt,37,11,NA,0,5,2,0
P7,2018 - 2019,Bad Lauchst?dt,35,8,4,1,0,2,0
P7,2018 - 2019,Bad Lauchst?dt,39,7,13,1,0,2,0
P7,2018 - 2019,Bad Lauchst?dt,40,3,NA,0,0,2,0
P7,2018 - 2019,Bad Lauchst?dt,36,9,NA,0,1,2,0
P7,2018 - 2019,Bad Lauchst?dt,54,5,13,1,0,2,0
P7,2018 - 2019,Bad Lauchst?dt,9,6,3,1,3,2,0
P7,2018 - 2019,Bad Lauchst?dt,13,3,NA,0,2,2,0
P8,2018 - 2019,Bad Lauchst?dt,44,26,4,1,16,1,0
P8,2018 - 2019,Bad Lauchst?dt,49,10,5,1,6,1,0
P8,2018 - 2019,Bad Lauchst?dt,70,6,3,1,0,1,0
P9,2018 - 2019,Bad Lauchst?dt,81,3,3,1,0,1,0
P9,2018 - 2019,Bad Lauchst?dt,82,4,8,1,0,1,0
P9,2018 - 2019,Bad Lauchst?dt,51,5,4,1,0,1,0
P9,2018 - 2019,Bad Lauchst?dt,50,7,NA,0,3,1,0
P9,2018 - 2019,Bad Lauchst?dt,48,10,13,1,3,1,0
P9,2018 - 2019,Bad Lauchst?dt,48,5,13,1,3,1,0
P9,2018 - 2019,Bad Lauchst?dt,46,30,NA,0,11,1,0
P9,2018 - 2019,Bad Lauchst?dt,42,12,NA,0,12,1,0
P9,2018 - 2019,Bad Lauchst?dt,45,8,NA,0,0,1,0
P9,2018 - 2019,Bad Lauchst?dt,52,6,8,1,1,1,0
P9,2018 - 2019,Bad Lauchst?dt,75,2,3,1,0,1,0
P9,2018 - 2019,Bad Lauchst?dt,56,20,20,1,8,1,0
P9,2018 - 2019,Bad Lauchst?dt,53,6,5,1,1,1,0
P9,2018 - 2019,Bad Lauchst?dt,53,15,5,1,5,1,0
P10,2018 - 2019,Bad Lauchst?dt,74,9,NA,0,3,3,0
P10,2018 - 2019,Bad Lauchst?dt,68,13,8,1,7,3,0
P10,2018 - 2019,Bad Lauchst?dt,59,6,8,1,0,3,0
P10,2018 - 2019,Bad Lauchst?dt,61,4,4,1,0,3,0
P10,2018 - 2019,Bad Lauchst?dt,60,11,9,1,0,3,0
P10,2018 - 2019,Bad Lauchst?dt,58,15,NA,0,14,3,0
P10,2018 - 2019,Bad Lauchst?dt,62,8,4,1,3,3,0
P10,2018 - 2019,Bad Lauchst?dt,63,5,10,1,1,3,0
P10,2018 - 2019,Bad Lauchst?dt,65,6,7,1,0,3,0
P10,2018 - 2019,Bad Lauchst?dt,71,4,8,1,0,3,0
P10,2018 - 2019,Bad Lauchst?dt,73,4,NA,0,0,3,0
P10,2018 - 2019,Bad Lauchst?dt,72,56,6,1,35,3,0
P11,2018 - 2019,Bad Lauchst?dt,76,8,13,1,0,0,0
P11,2018 - 2019,Bad Lauchst?dt,77,4,4,1,0,0,0
P11,2018 - 2019,Bad Lauchst?dt,78,10,NA,0,0,0,0
P11,2018 - 2019,Bad Lauchst?dt,80,8,NA,0,4,0,0
P11,2018 - 2019,Bad Lauchst?dt,79,18,16,1,7,0,0
P11,2018 - 2019,Bad Lauchst?dt,84,5,3,1,0,0,0
P11,2018 - 2019,Bad Lauchst?dt,84,3,3,1,0,0,0
P11,2018 - 2019,Bad Lauchst?dt,85,6,4,1,0,0,0
P11,2018 - 2019,Bad Lauchst?dt,86,13,3,1,8,0,0
P11,2018 - 2019,Bad Lauchst?dt,86,21,3,1,10,0,0
P11,2018 - 2019,Bad Lauchst?dt,90,6,5,1,2,0,0
P11,2018 - 2019,Bad Lauchst?dt,90,5,5,1,0,0,0
P11,2018 - 2019,Bad Lauchst?dt,89,52,NA,0,16,0,0
P12,2018 - 2019,Bad Lauchst?dt,94,4,5,1,2,5,0
P12,2018 - 2019,Bad Lauchst?dt,93,4,1,1,0,5,0
P12,2018 - 2019,Bad Lauchst?dt,92,6,5,1,0,5,0
P12,2018 - 2019,Bad Lauchst?dt,96,3,2,1,0,5,0
P12,2018 - 2019,Bad Lauchst?dt,91,7,NA,0,5,5,0
P12,2018 - 2019,Bad Lauchst?dt,91,8,NA,0,3,5,0
P12,2018 - 2019,Bad Lauchst?dt,91,5,NA,0,1,5,0
P12,2018 - 2019,Bad Lauchst?dt,91,6,NA,0,4,5,0
P12,2018 - 2019,Bad Lauchst?dt,95,3,NA,0,0,5,0
P12,2018 - 2019,Bad Lauchst?dt,97,7,5,1,2,5,0
P12,2018 - 2019,Bad Lauchst?dt,110,3,2,1,0,5,0
P12,2018 - 2019,Bad Lauchst?dt,101,9,NA,0,0,5,0
P12,2018 - 2019,Bad Lauchst?dt,100,6,4,1,0,5,0
P12,2018 - 2019,Bad Lauchst?dt,111,7,7,1,2,5,0
P12,2018 - 2019,Bad Lauchst?dt,109,5,12,1,0,5,0
P12,2018 - 2019,Bad Lauchst?dt,109,3,12,1,0,5,0
P12,2018 - 2019,Bad Lauchst?dt,88,8,10,1,6,5,0
P12,2018 - 2019,Bad Lauchst?dt,105,17,12,1,0,5,0
P12,2018 - 2019,Bad Lauchst?dt,103,6,5,1,0,5,0
P12,2018 - 2019,Bad Lauchst?dt,106,3,NA,0,0,5,0
P12,2018 - 2019,Bad Lauchst?dt,104,4,9,1,1,5,0
P12,2018 - 2019,Bad Lauchst?dt,107,4,6,1,0,5,0
P12,2018 - 2019,Bad Lauchst?dt,108,5,5,1,0,5,0
P12,2018 - 2019,Bad Lauchst?dt,98,7,5,1,0,5,0
P12,2018 - 2019,Bad Lauchst?dt,99,5,6,1,1,5,0
P12,2018 - 2019,Bad Lauchst?dt,117,6,7,1,0,5,0
P12,2018 - 2019,Bad Lauchst?dt,119,6,5,1,0,5,0
P12,2018 - 2019,Bad Lauchst?dt,118,13,7,1,4,5,0
P12,2018 - 2019,Bad Lauchst?dt,102,8,NA,0,3,5,0
P12,2018 - 2019,Bad Lauchst?dt,112,26,NA,0,10,5,0
P12,2018 - 2019,Bad Lauchst?dt,113,3,4,1,0,5,0
P12,2018 - 2019,Bad Lauchst?dt,116,6,NA,0,3,5,0
P12,2018 - 2019,Bad Lauchst?dt,114,10,NA,0,0,5,0
P7,2018 - 2019,Bad Lauchst?dt,129,NA,4,0,1,0,1
P7,2018 - 2019,Bad Lauchst?dt,34,NA,15,0,3,0,1
P7,2018 - 2019,Bad Lauchst?dt,120,NA,5,0,1,0,1
P7,2018 - 2019,Bad Lauchst?dt,121,NA,21,0,7,0,1
P7,2018 - 2019,Bad Lauchst?dt,122,NA,6,0,2,0,1
P7,2018 - 2019,Bad Lauchst?dt,128,NA,10,0,1,0,1
P8,2018 - 2019,Bad Lauchst?dt,127,NA,9,0,8,0,1
P11,2018 - 2019,Bad Lauchst?dt,130,NA,12,0,10,0,1
P12,2018 - 2019,Bad Lauchst?dt,2080,NA,6,0,0,1,1
P1,2019 - 2020,Bad Lauchst?dt,1,6,NA,0,1,0,0
P1,2019 - 2020,Bad Lauchst?dt,5,3,NA,0,0,0,0
P3,2019 - 2020,Bad Lauchst?dt,18,7,NA,0,3,0,0
P5,2019 - 2020,Bad Lauchst?dt,24,5,3,1,1,0,0
P6,2019 - 2020,Bad Lauchst?dt,29,5,6,1,2,0,0
P6,2019 - 2020,Bad Lauchst?dt,33,17,NA,0,4,0,0
P6,2019 - 2020,Bad Lauchst?dt,29,6,6,1,1,0,0
P7,2019 - 2020,Bad Lauchst?dt,55,17,9,1,4,0,0
P7,2019 - 2020,Bad Lauchst?dt,35,4,NA,0,1,0,0
P7,2019 - 2020,Bad Lauchst?dt,39,13,24,1,1,0,0
P7,2019 - 2020,Bad Lauchst?dt,54,13,5,1,5,0,0
P7,2019 - 2020,Bad Lauchst?dt,129,4,5,1,1,0,0
P7,2019 - 2020,Bad Lauchst?dt,9,4,8,1,2,0,0
P7,2019 - 2020,Bad Lauchst?dt,34,15,4,1,3,0,0
P7,2019 - 2020,Bad Lauchst?dt,9,3,8,1,1,0,0
P7,2019 - 2020,Bad Lauchst?dt,120,5,5,1,1,0,0
P7,2019 - 2020,Bad Lauchst?dt,121,21,10,1,7,0,0
P7,2019 - 2020,Bad Lauchst?dt,122,6,5,1,2,0,0
P7,2019 - 2020,Bad Lauchst?dt,128,10,8,1,1,0,0
P8,2019 - 2020,Bad Lauchst?dt,64,16,5,1,8,0,0
P8,2019 - 2020,Bad Lauchst?dt,67,5,7,1,1,0,0
P8,2019 - 2020,Bad Lauchst?dt,69,4,NA,0,0,0,0
P8,2019 - 2020,Bad Lauchst?dt,44,4,3,1,3,0,0
P8,2019 - 2020,Bad Lauchst?dt,49,5,6,1,3,0,0
P8,2019 - 2020,Bad Lauchst?dt,70,3,6,1,0,0,0
P8,2019 - 2020,Bad Lauchst?dt,127,9,5,1,8,0,0
P9,2019 - 2020,Bad Lauchst?dt,81,3,3,1,0,0,0
P9,2019 - 2020,Bad Lauchst?dt,82,8,4,1,1,0,0
P9,2019 - 2020,Bad Lauchst?dt,51,4,NA,0,0,0,0
P9,2019 - 2020,Bad Lauchst?dt,50,NA,5,0,0,0,1
P9,2019 - 2020,Bad Lauchst?dt,48,9,6,1,4,0,0
P9,2019 - 2020,Bad Lauchst?dt,48,13,6,1,5,0,0
P9,2019 - 2020,Bad Lauchst?dt,52,8,16,1,3,0,0
P9,2019 - 2020,Bad Lauchst?dt,75,3,4,1,0,0,0
P9,2019 - 2020,Bad Lauchst?dt,56,20,47,1,7,0,0
P9,2019 - 2020,Bad Lauchst?dt,53,12,5,1,4,0,0
P9,2019 - 2020,Bad Lauchst?dt,53,5,5,1,3,0,0
P10,2019 - 2020,Bad Lauchst?dt,68,8,33,1,9,1,0
P10,2019 - 2020,Bad Lauchst?dt,59,8,5,1,3,1,0
P10,2019 - 2020,Bad Lauchst?dt,61,4,5,1,4,1,0
P10,2019 - 2020,Bad Lauchst?dt,60,10,4,1,4,1,0
P10,2019 - 2020,Bad Lauchst?dt,62,4,3,1,0,1,0
P10,2019 - 2020,Bad Lauchst?dt,63,10,5,1,4,1,0
P10,2019 - 2020,Bad Lauchst?dt,65,7,8,1,3,1,0
P10,2019 - 2020,Bad Lauchst?dt,71,8,7,1,3,1,0
P10,2019 - 2020,Bad Lauchst?dt,72,6,NA,0,3,1,0
P10,2019 - 2020,Bad Lauchst?dt,60,9,4,1,0,1,0
P11,2019 - 2020,Bad Lauchst?dt,76,13,32,1,6,0,0
P11,2019 - 2020,Bad Lauchst?dt,77,4,15,1,0,0,0
P11,2019 - 2020,Bad Lauchst?dt,130,12,NA,0,10,0,0
P11,2019 - 2020,Bad Lauchst?dt,79,16,30,1,0,0,0
P11,2019 - 2020,Bad Lauchst?dt,84,8,8,1,2,0,0
P11,2019 - 2020,Bad Lauchst?dt,84,3,8,1,0,0,0
P11,2019 - 2020,Bad Lauchst?dt,85,4,3,1,2,0,0
P11,2019 - 2020,Bad Lauchst?dt,86,5,NA,0,1,0,0
P11,2019 - 2020,Bad Lauchst?dt,86,3,NA,0,1,0,0
P11,2019 - 2020,Bad Lauchst?dt,90,1,7,1,1,0,0
P11,2019 - 2020,Bad Lauchst?dt,90,5,7,1,3,0,0
P12,2019 - 2020,Bad Lauchst?dt,94,5,5,1,1,1,0
P12,2019 - 2020,Bad Lauchst?dt,93,1,10,1,2,1,0
P12,2019 - 2020,Bad Lauchst?dt,92,5,3,1,0,1,0
P12,2019 - 2020,Bad Lauchst?dt,96,2,4,1,2,1,0
P12,2019 - 2020,Bad Lauchst?dt,91,4,2,1,3,1,0
P12,2019 - 2020,Bad Lauchst?dt,91,3,2,1,0,1,0
P12,2019 - 2020,Bad Lauchst?dt,91,NA,2,0,0,1,1
P12,2019 - 2020,Bad Lauchst?dt,91,NA,2,0,0,1,1
P12,2019 - 2020,Bad Lauchst?dt,97,5,5,1,2,1,0
P12,2019 - 2020,Bad Lauchst?dt,101,NA,5,0,0,1,1
P12,2019 - 2020,Bad Lauchst?dt,2080,6,5,1,0,1,0
P12,2019 - 2020,Bad Lauchst?dt,100,4,3,1,3,1,0
P12,2019 - 2020,Bad Lauchst?dt,111,7,4,1,3,1,0
P12,2019 - 2020,Bad Lauchst?dt,109,6,2,1,0,1,0
P12,2019 - 2020,Bad Lauchst?dt,109,12,2,1,3,1,0
P12,2019 - 2020,Bad Lauchst?dt,88,10,3,1,5,1,0
P12,2019 - 2020,Bad Lauchst?dt,103,6,NA,0,1,1,0
P12,2019 - 2020,Bad Lauchst?dt,106,NA,NA,0,0,1,0
P12,2019 - 2020,Bad Lauchst?dt,104,9,7,1,2,1,0
P12,2019 - 2020,Bad Lauchst?dt,107,6,4,1,2,1,0
P12,2019 - 2020,Bad Lauchst?dt,108,5,5,1,0,1,0
P12,2019 - 2020,Bad Lauchst?dt,98,6,6,1,0,1,0
P12,2019 - 2020,Bad Lauchst?dt,103,5,NA,0,0,1,0
P12,2019 - 2020,Bad Lauchst?dt,99,6,5,1,2,1,0
P12,2019 - 2020,Bad Lauchst?dt,117,7,6,1,2,1,0
P12,2019 - 2020,Bad Lauchst?dt,119,4,3,1,0,1,0
P12,2019 - 2020,Bad Lauchst?dt,118,7,5,1,0,1,0
P12,2019 - 2020,Bad Lauchst?dt,113,4,3,1,0,1,0
P12,2019 - 2020,Bad Lauchst?dt,98,5,6,1,0,1,0
P12,2019 - 2020,Bad Lauchst?dt,119,5,3,1,0,1,0
P12,2019 - 2020,Bad Lauchst?dt,100,5,3,1,3,1,0
P12,2019 - 2020,Bad Lauchst?dt,100,4,3,1,0,1,0
P4,2019 - 2020,Bad Lauchst?dt,142,NA,1,0,0,2,1
P4,2019 - 2020,Bad Lauchst?dt,143,NA,1,0,0,2,1
P4,2019 - 2020,Bad Lauchst?dt,144,NA,2,0,0,2,1
P5,2019 - 2020,Bad Lauchst?dt,145,NA,2,0,0,9,1
P6,2019 - 2020,Bad Lauchst?dt,146,NA,13,0,1,1,1
P7,2019 - 2020,Bad Lauchst?dt,147,NA,3,0,0,1,1
P7,2019 - 2020,Bad Lauchst?dt,148,NA,4,0,1,1,1
P7,2019 - 2020,Bad Lauchst?dt,149,NA,5,0,0,1,1
P7,2019 - 2020,Bad Lauchst?dt,149,NA,5,0,1,1,1
P7,2019 - 2020,Bad Lauchst?dt,149,NA,3,0,0,1,1
P8,2019 - 2020,Bad Lauchst?dt,150,NA,4,0,0,12,1
P8,2019 - 2020,Bad Lauchst?dt,151,NA,4,0,0,12,1
P8,2019 - 2020,Bad Lauchst?dt,151,NA,3,0,1,12,1
P8,2019 - 2020,Bad Lauchst?dt,152,NA,3,0,0,12,1
P8,2019 - 2020,Bad Lauchst?dt,153,NA,4,0,0,12,1
P9,2019 - 2020,Bad Lauchst?dt,154,NA,4,0,0,13,1
P9,2019 - 2020,Bad Lauchst?dt,155,NA,4,0,0,13,1
P9,2019 - 2020,Bad Lauchst?dt,159,NA,4,0,0,13,1
P9,2019 - 2020,Bad Lauchst?dt,161,NA,3,0,0,13,1
P9,2019 - 2020,Bad Lauchst?dt,163,NA,3,0,0,13,1
P9,2019 - 2020,Bad Lauchst?dt,165,NA,5,0,0,13,1
P9,2019 - 2020,Bad Lauchst?dt,166,NA,4,0,0,13,1
P9,2019 - 2020,Bad Lauchst?dt,167,NA,3,0,0,13,1
P10,2019 - 2020,Bad Lauchst?dt,168,NA,3,0,2,9,1
P10,2019 - 2020,Bad Lauchst?dt,168,NA,4,0,0,9,1
P10,2019 - 2020,Bad Lauchst?dt,168,NA,4,0,0,9,1
P10,2019 - 2020,Bad Lauchst?dt,168,NA,7,0,0,9,1
P10,2019 - 2020,Bad Lauchst?dt,168,NA,3,0,0,9,1
P10,2019 - 2020,Bad Lauchst?dt,168,NA,3,0,0,9,1
P11,2019 - 2020,Bad Lauchst?dt,171,NA,3,0,0,9,1
P11,2019 - 2020,Bad Lauchst?dt,172,NA,3,0,0,9,1
P12,2019 - 2020,Bad Lauchst?dt,156,NA,3,0,0,24,1
P12,2019 - 2020,Bad Lauchst?dt,157,NA,3,0,0,24,1
P12,2019 - 2020,Bad Lauchst?dt,158,NA,2,0,2,24,1
P12,2019 - 2020,Bad Lauchst?dt,160,NA,5,0,1,24,1
P12,2019 - 2020,Bad Lauchst?dt,160,NA,6,0,0,24,1
P12,2019 - 2020,Bad Lauchst?dt,162,NA,2,0,0,24,1
P4,2020 - 2021,Bad Lauchst?dt,142,1,NA,0,0,2,0
P4,2020 - 2021,Bad Lauchst?dt,143,1,NA,0,0,2,0
P4,2020 - 2021,Bad Lauchst?dt,144,2,10,1,0,2,0
P5,2020 - 2021,Bad Lauchst?dt,24,3,NA,0,0,9,0
P5,2020 - 2021,Bad Lauchst?dt,145,2,5,1,0,9,0
P6,2020 - 2021,Bad Lauchst?dt,29,5,11,1,0,1,0
P6,2020 - 2021,Bad Lauchst?dt,33,NA,NA,0,0,1,0
P6,2020 - 2021,Bad Lauchst?dt,29,6,11,1,0,1,0
P6,2020 - 2021,Bad Lauchst?dt,146,13,10,1,1,1,0
P7,2020 - 2021,Bad Lauchst?dt,35,NA,NA,0,0,1,0
P7,2020 - 2021,Bad Lauchst?dt,39,24,14,1,3,1,0
P7,2020 - 2021,Bad Lauchst?dt,54,5,5,1,0,1,0
P7,2020 - 2021,Bad Lauchst?dt,129,5,NA,0,3,1,0
P7,2020 - 2021,Bad Lauchst?dt,9,5,NA,0,1,1,0
P7,2020 - 2021,Bad Lauchst?dt,34,4,NA,0,0,1,0
P7,2020 - 2021,Bad Lauchst?dt,9,8,NA,0,0,1,0
P7,2020 - 2021,Bad Lauchst?dt,120,6,7,1,0,1,0
P7,2020 - 2021,Bad Lauchst?dt,121,10,14,1,2,1,0
P7,2020 - 2021,Bad Lauchst?dt,122,5,15,1,1,1,0
P7,2020 - 2021,Bad Lauchst?dt,128,7,13,1,1,1,0
P7,2020 - 2021,Bad Lauchst?dt,147,3,NA,0,0,1,0
P7,2020 - 2021,Bad Lauchst?dt,148,4,5,1,1,1,0
P7,2020 - 2021,Bad Lauchst?dt,149,5,4,1,0,1,0
P7,2020 - 2021,Bad Lauchst?dt,149,5,4,1,1,1,0
P7,2020 - 2021,Bad Lauchst?dt,149,3,4,1,0,1,0
P7,2020 - 2021,Bad Lauchst?dt,120,5,7,1,1,1,0
P7,2020 - 2021,Bad Lauchst?dt,128,8,13,1,0,1,0
P7,2020 - 2021,Bad Lauchst?dt,55,9,NA,0,0,1,0
P8,2020 - 2021,Bad Lauchst?dt,64,6,5,1,1,12,0
P8,2020 - 2021,Bad Lauchst?dt,67,7,4,1,0,12,0
P8,2020 - 2021,Bad Lauchst?dt,69,NA,7,0,0,12,1
P8,2020 - 2021,Bad Lauchst?dt,44,3,4,1,0,12,0
P8,2020 - 2021,Bad Lauchst?dt,49,6,NA,0,2,12,0
P8,2020 - 2021,Bad Lauchst?dt,70,4,18,1,0,12,0
P8,2020 - 2021,Bad Lauchst?dt,127,5,6,1,1,12,0
P8,2020 - 2021,Bad Lauchst?dt,64,5,5,1,0,12,0
P8,2020 - 2021,Bad Lauchst?dt,150,4,NA,0,0,12,0
P8,2020 - 2021,Bad Lauchst?dt,151,4,5,1,0,12,0
P8,2020 - 2021,Bad Lauchst?dt,151,3,5,1,1,12,0
P8,2020 - 2021,Bad Lauchst?dt,70,6,18,1,1,12,0
P8,2020 - 2021,Bad Lauchst?dt,152,3,4,1,0,12,0
P8,2020 - 2021,Bad Lauchst?dt,153,4,5,1,0,12,0
P9,2020 - 2021,Bad Lauchst?dt,81,5,NA,0,0,13,0
P9,2020 - 2021,Bad Lauchst?dt,82,4,4,1,2,13,0
P9,2020 - 2021,Bad Lauchst?dt,51,NA,NA,0,0,13,0
P9,2020 - 2021,Bad Lauchst?dt,50,9,6,1,1,13,0
P9,2020 - 2021,Bad Lauchst?dt,48,8,NA,0,0,13,0
P9,2020 - 2021,Bad Lauchst?dt,48,6,NA,0,0,13,0
P9,2020 - 2021,Bad Lauchst?dt,52,16,16,1,1,13,0
P9,2020 - 2021,Bad Lauchst?dt,75,4,3,1,0,13,0
P9,2020 - 2021,Bad Lauchst?dt,56,47,91,1,13,13,0
P9,2020 - 2021,Bad Lauchst?dt,53,4,NA,0,0,13,0
P9,2020 - 2021,Bad Lauchst?dt,53,5,NA,0,1,13,0
P9,2020 - 2021,Bad Lauchst?dt,81,3,NA,0,0,13,0
P9,2020 - 2021,Bad Lauchst?dt,154,4,NA,0,0,13,0
P9,2020 - 2021,Bad Lauchst?dt,50,5,6,1,0,13,0
P9,2020 - 2021,Bad Lauchst?dt,50,5,6,1,2,13,0
P9,2020 - 2021,Bad Lauchst?dt,155,4,NA,0,0,13,0
P9,2020 - 2021,Bad Lauchst?dt,159,4,5,1,0,13,0
P9,2020 - 2021,Bad Lauchst?dt,161,3,5,1,0,13,0
P9,2020 - 2021,Bad Lauchst?dt,163,3,3,1,0,13,0
P9,2020 - 2021,Bad Lauchst?dt,165,5,6,1,0,13,0
P9,2020 - 2021,Bad Lauchst?dt,166,4,11,1,0,13,0
P9,2020 - 2021,Bad Lauchst?dt,167,3,4,1,0,13,0
P10,2020 - 2021,Bad Lauchst?dt,68,33,10,1,4,9,0
P10,2020 - 2021,Bad Lauchst?dt,59,4,NA,0,1,9,0
P10,2020 - 2021,Bad Lauchst?dt,61,5,NA,0,1,9,0
P10,2020 - 2021,Bad Lauchst?dt,60,5,8,1,1,9,0
P10,2020 - 2021,Bad Lauchst?dt,62,3,10,1,1,9,0
P10,2020 - 2021,Bad Lauchst?dt,63,5,NA,0,1,9,0
P10,2020 - 2021,Bad Lauchst?dt,65,8,NA,0,0,9,0
P10,2020 - 2021,Bad Lauchst?dt,71,7,5,1,0,9,0
P10,2020 - 2021,Bad Lauchst?dt,72,NA,NA,0,0,9,0
P10,2020 - 2021,Bad Lauchst?dt,60,3,8,1,1,9,0
P10,2020 - 2021,Bad Lauchst?dt,59,5,NA,0,1,9,0
P10,2020 - 2021,Bad Lauchst?dt,60,7,8,1,1,9,0
P10,2020 - 2021,Bad Lauchst?dt,63,5,NA,0,1,9,0
P10,2020 - 2021,Bad Lauchst?dt,60,4,8,1,1,9,0
P10,2020 - 2021,Bad Lauchst?dt,168,3,NA,0,2,9,0
P10,2020 - 2021,Bad Lauchst?dt,168,4,NA,0,0,9,0
P10,2020 - 2021,Bad Lauchst?dt,168,4,NA,0,0,9,0
P10,2020 - 2021,Bad Lauchst?dt,168,7,NA,0,0,9,0
P10,2020 - 2021,Bad Lauchst?dt,168,3,NA,0,0,9,0
P10,2020 - 2021,Bad Lauchst?dt,168,3,NA,0,0,9,0
P11,2020 - 2021,Bad Lauchst?dt,76,32,6,1,12,9,0
P11,2020 - 2021,Bad Lauchst?dt,77,15,NA,0,3,9,0
P11,2020 - 2021,Bad Lauchst?dt,130,NA,5,0,0,9,1
P11,2020 - 2021,Bad Lauchst?dt,79,30,30,1,17,9,0
P11,2020 - 2021,Bad Lauchst?dt,84,6,4,1,2,9,0
P11,2020 - 2021,Bad Lauchst?dt,84,8,4,1,2,9,0
P11,2020 - 2021,Bad Lauchst?dt,85,3,5,1,0,9,0
P11,2020 - 2021,Bad Lauchst?dt,86,NA,3,0,0,9,1
P11,2020 - 2021,Bad Lauchst?dt,86,NA,3,0,0,9,1
P11,2020 - 2021,Bad Lauchst?dt,90,4,NA,0,3,9,0
P11,2020 - 2021,Bad Lauchst?dt,90,3,NA,0,2,9,0
P11,2020 - 2021,Bad Lauchst?dt,90,7,NA,0,4,9,0
P11,2020 - 2021,Bad Lauchst?dt,171,3,7,1,0,9,0
P11,2020 - 2021,Bad Lauchst?dt,172,3,5,1,0,9,0
P12,2020 - 2021,Bad Lauchst?dt,94,5,2,1,3,24,0
P12,2020 - 2021,Bad Lauchst?dt,93,10,5,1,3,24,0
P12,2020 - 2021,Bad Lauchst?dt,92,4,4,1,3,24,0
P12,2020 - 2021,Bad Lauchst?dt,92,3,4,1,2,24,0
P12,2020 - 2021,Bad Lauchst?dt,96,4,4,1,0,24,0
P12,2020 - 2021,Bad Lauchst?dt,91,2,NA,0,0,24,0
P12,2020 - 2021,Bad Lauchst?dt,91,2,NA,0,0,24,0
P12,2020 - 2021,Bad Lauchst?dt,97,5,NA,0,3,24,0
P12,2020 - 2021,Bad Lauchst?dt,101,5,NA,0,1,24,0
P12,2020 - 2021,Bad Lauchst?dt,2080,5,4,1,3,24,0
P12,2020 - 2021,Bad Lauchst?dt,100,7,5,1,3,24,0
P12,2020 - 2021,Bad Lauchst?dt,111,3,8,1,1,24,0
P12,2020 - 2021,Bad Lauchst?dt,111,NA,8,0,0,24,1
P12,2020 - 2021,Bad Lauchst?dt,109,4,8,1,3,24,0
P12,2020 - 2021,Bad Lauchst?dt,109,4,8,1,3,24,0
P12,2020 - 2021,Bad Lauchst?dt,88,3,NA,0,1,24,0
P12,2020 - 2021,Bad Lauchst?dt,103,3,7,1,0,24,0
P12,2020 - 2021,Bad Lauchst?dt,104,7,NA,0,3,24,0
P12,2020 - 2021,Bad Lauchst?dt,107,4,3,1,1,24,0
P12,2020 - 2021,Bad Lauchst?dt,108,4,5,1,0,24,0
P12,2020 - 2021,Bad Lauchst?dt,98,5,4,1,2,24,0
P12,2020 - 2021,Bad Lauchst?dt,103,NA,7,0,0,24,1
P12,2020 - 2021,Bad Lauchst?dt,99,5,11,1,0,24,0
P12,2020 - 2021,Bad Lauchst?dt,117,11,6,1,4,24,0
P12,2020 - 2021,Bad Lauchst?dt,119,4,NA,0,4,24,0
P12,2020 - 2021,Bad Lauchst?dt,118,7,4,1,5,24,0
P12,2020 - 2021,Bad Lauchst?dt,113,3,NA,0,0,24,0
P12,2020 - 2021,Bad Lauchst?dt,98,6,4,1,0,24,0
P12,2020 - 2021,Bad Lauchst?dt,119,3,NA,0,0,24,0
P12,2020 - 2021,Bad Lauchst?dt,100,4,5,1,2,24,0
P12,2020 - 2021,Bad Lauchst?dt,100,3,5,1,3,24,0
P12,2020 - 2021,Bad Lauchst?dt,111,4,8,1,4,24,0
P12,2020 - 2021,Bad Lauchst?dt,109,4,8,1,3,24,0
P12,2020 - 2021,Bad Lauchst?dt,109,2,8,1,1,24,0
P12,2020 - 2021,Bad Lauchst?dt,88,3,NA,0,1,24,0
P12,2020 - 2021,Bad Lauchst?dt,108,5,5,1,0,24,0
P12,2020 - 2021,Bad Lauchst?dt,117,6,6,1,3,24,0
P12,2020 - 2021,Bad Lauchst?dt,118,5,4,1,2,24,0
P12,2020 - 2021,Bad Lauchst?dt,156,3,NA,0,0,24,0
P12,2020 - 2021,Bad Lauchst?dt,157,3,5,1,0,24,0
P12,2020 - 2021,Bad Lauchst?dt,158,2,14,1,2,24,0
P12,2020 - 2021,Bad Lauchst?dt,160,5,8,1,1,24,0
P12,2020 - 2021,Bad Lauchst?dt,160,6,8,1,0,24,0
P12,2020 - 2021,Bad Lauchst?dt,162,2,5,1,0,24,0
P1,2020 - 2021,Bad Lauchst?dt,3397,NA,5,0,0,8,1
P10,2020 - 2021,Bad Lauchst?dt,168,NA,NA,0,0,19,0
P10,2020 - 2021,Bad Lauchst?dt,168,NA,NA,0,0,19,0
P10,2020 - 2021,Bad Lauchst?dt,168,NA,NA,0,0,19,0
P10,2020 - 2021,Bad Lauchst?dt,168,NA,NA,0,0,19,0
P10,2020 - 2021,Bad Lauchst?dt,168,NA,NA,0,0,19,0
P10,2020 - 2021,Bad Lauchst?dt,168,NA,NA,0,0,19,0
P10,2020 - 2021,Bad Lauchst?dt,2306,NA,6,0,0,19,1
P10,2020 - 2021,Bad Lauchst?dt,2306,NA,3,0,0,19,1
P10,2020 - 2021,Bad Lauchst?dt,2306,NA,5,0,2,19,1
P10,2020 - 2021,Bad Lauchst?dt,2347,NA,4,0,0,19,1
P10,2020 - 2021,Bad Lauchst?dt,2347,NA,8,0,1,19,1
P10,2020 - 2021,Bad Lauchst?dt,2347,NA,4,0,0,19,1
P10,2020 - 2021,Bad Lauchst?dt,2348,NA,7,0,1,19,1
P10,2020 - 2021,Bad Lauchst?dt,2636,NA,4,0,0,19,1
P10,2020 - 2021,Bad Lauchst?dt,2645,NA,13,0,1,19,1
P10,2020 - 2021,Bad Lauchst?dt,2649,NA,4,0,0,19,1
P10,2020 - 2021,Bad Lauchst?dt,2651,NA,4,0,1,19,1
P11,2020 - 2021,Bad Lauchst?dt,171,NA,7,0,1,27,1
P11,2020 - 2021,Bad Lauchst?dt,172,NA,5,0,1,27,1
P11,2020 - 2021,Bad Lauchst?dt,2137,NA,4,0,0,27,1
P11,2020 - 2021,Bad Lauchst?dt,2141,NA,4,0,0,27,1
P11,2020 - 2021,Bad Lauchst?dt,2503,NA,4,0,0,27,1
P12,2020 - 2021,Bad Lauchst?dt,156,NA,NA,0,0,16,0
P12,2020 - 2021,Bad Lauchst?dt,157,NA,5,0,2,16,1
P12,2020 - 2021,Bad Lauchst?dt,158,NA,14,0,1,16,1
P12,2020 - 2021,Bad Lauchst?dt,160,NA,5,0,0,16,1
P12,2020 - 2021,Bad Lauchst?dt,160,NA,8,0,0,16,1
P12,2020 - 2021,Bad Lauchst?dt,162,NA,5,0,0,16,1
P12,2020 - 2021,Bad Lauchst?dt,2142,NA,4,0,0,16,1
P12,2020 - 2021,Bad Lauchst?dt,2305,NA,5,0,1,16,1
P12,2020 - 2021,Bad Lauchst?dt,2307,NA,4,0,0,16,1
P12,2020 - 2021,Bad Lauchst?dt,2346,NA,3,0,0,16,1
P12,2020 - 2021,Bad Lauchst?dt,2481,NA,4,0,1,16,1
P12,2020 - 2021,Bad Lauchst?dt,2481,NA,4,0,0,16,1
P12,2020 - 2021,Bad Lauchst?dt,2481,NA,3,0,0,16,1
P12,2020 - 2021,Bad Lauchst?dt,2635,NA,4,0,0,16,1
P12,2020 - 2021,Bad Lauchst?dt,2650,NA,4,0,0,16,1
P12,2020 - 2021,Bad Lauchst?dt,0,NA,4,0,0,16,1
P2,2020 - 2021,Bad Lauchst?dt,3398,NA,4,0,0,9,1
P2,2020 - 2021,Bad Lauchst?dt,3399,NA,5,0,0,9,1
P2,2020 - 2021,Bad Lauchst?dt,3400,NA,4,0,0,9,1
P3,2020 - 2021,Bad Lauchst?dt,3401,NA,6,0,0,17,1
P3,2020 - 2021,Bad Lauchst?dt,3402,NA,5,0,0,17,1
P3,2020 - 2021,Bad Lauchst?dt,3403,NA,4,0,0,17,1
P4,2020 - 2021,Bad Lauchst?dt,142,NA,NA,0,0,8,0
P4,2020 - 2021,Bad Lauchst?dt,143,NA,NA,0,0,8,0
P4,2020 - 2021,Bad Lauchst?dt,144,NA,10,0,0,8,1
P5,2020 - 2021,Bad Lauchst?dt,145,NA,5,0,0,7,1
P5,2020 - 2021,Bad Lauchst?dt,3404,NA,4,0,0,7,1
P5,2020 - 2021,Bad Lauchst?dt,3405,NA,7,0,0,7,1
P5,2020 - 2021,Bad Lauchst?dt,3406,NA,4,0,0,7,1
P6,2020 - 2021,Bad Lauchst?dt,146,NA,10,0,2,5,1
P7,2020 - 2021,Bad Lauchst?dt,147,NA,NA,0,0,8,0
P7,2020 - 2021,Bad Lauchst?dt,148,NA,5,0,0,8,1
P7,2020 - 2021,Bad Lauchst?dt,149,NA,3,0,0,8,1
P7,2020 - 2021,Bad Lauchst?dt,149,NA,4,0,0,8,1
P7,2020 - 2021,Bad Lauchst?dt,149,NA,4,0,0,8,1
P8,2020 - 2021,Bad Lauchst?dt,150,NA,NA,0,0,13,0
P8,2020 - 2021,Bad Lauchst?dt,151,NA,4,0,0,13,1
P8,2020 - 2021,Bad Lauchst?dt,151,NA,5,0,1,13,1
P8,2020 - 2021,Bad Lauchst?dt,152,NA,4,0,0,13,1
P8,2020 - 2021,Bad Lauchst?dt,153,NA,5,0,0,13,1
P8,2020 - 2021,Bad Lauchst?dt,3407,NA,4,0,0,13,1
P9,2020 - 2021,Bad Lauchst?dt,154,NA,NA,0,0,9,0
P9,2020 - 2021,Bad Lauchst?dt,155,NA,NA,0,0,9,0
P9,2020 - 2021,Bad Lauchst?dt,159,NA,5,0,1,9,1
P9,2020 - 2021,Bad Lauchst?dt,161,NA,5,0,1,9,1
P9,2020 - 2021,Bad Lauchst?dt,161,NA,5,0,0,9,1
P9,2020 - 2021,Bad Lauchst?dt,161,NA,5,0,0,9,1
P9,2020 - 2021,Bad Lauchst?dt,163,NA,3,0,0,9,1
P9,2020 - 2021,Bad Lauchst?dt,165,NA,6,0,0,9,1
P9,2020 - 2021,Bad Lauchst?dt,166,NA,11,0,3,9,1
P9,2020 - 2021,Bad Lauchst?dt,167,NA,4,0,0,9,1
P9,2020 - 2021,Bad Lauchst?dt,2352,NA,7,0,2,9,1
P9,2020 - 2021,Bad Lauchst?dt,2353,NA,4,0,0,9,1
P9,2020 - 2021,Bad Lauchst?dt,2354,NA,6,0,0,9,1
P9,2020 - 2021,Bad Lauchst?dt,2354,NA,7,0,0,9,1
P9,2020 - 2021,Bad Lauchst?dt,2354,NA,7,0,0,9,1
