plot,years,site,plant_id,ind_t0,size_t1,surv,no_fl,SL,new_ind
1,2018 - 2019,Halle,1,1,4,1,0,3,0
1,2018 - 2019,Halle,2,1,6,1,0,3,0
1,2018 - 2019,Halle,2,1,6,1,0,3,0
1,2018 - 2019,Halle,3,1,1,1,0,3,0
1,2018 - 2019,Halle,4,1,2,1,0,3,0
1,2018 - 2019,Halle,5,1,3,1,0,3,0
1,2018 - 2019,Halle,5,1,3,1,0,3,0
1,2018 - 2019,Halle,6,1,5,1,0,3,0
1,2018 - 2019,Halle,6,0,5,0,0,3,1
1,2018 - 2019,Halle,7,1,8,1,0,3,0
1,2018 - 2019,Halle,8,1,4,1,0,3,0
1,2018 - 2019,Halle,8,1,4,1,0,3,0
1,2018 - 2019,Halle,9,1,9,1,2,3,0
1,2018 - 2019,Halle,11,1,7,1,2,3,0
1,2018 - 2019,Halle,13,1,2,1,0,3,0
1,2018 - 2019,Halle,15,1,2,1,0,3,0
1,2018 - 2019,Halle,17,1,7,1,0,3,0
1,2018 - 2019,Halle,19,1,9,1,0,3,0
2,2018 - 2019,Halle,21,1,17,1,0,0,0
2,2018 - 2019,Halle,23,1,10,1,0,0,0
2,2018 - 2019,Halle,25,1,4,1,0,0,0
2,2018 - 2019,Halle,25,1,4,1,0,0,0
5,2018 - 2019,Halle,28,1,NA,0,0,2,0
5,2018 - 2019,Halle,32,1,NA,0,0,2,0
5,2018 - 2019,Halle,33,1,NA,0,0,2,0
5,2018 - 2019,Halle,34,1,NA,0,0,2,0
5,2018 - 2019,Halle,57,1,NA,0,0,2,0
5,2018 - 2019,Halle,45,1,NA,0,0,2,0
5,2018 - 2019,Halle,45,1,NA,0,0,2,0
5,2018 - 2019,Halle,44,1,NA,0,0,2,0
5,2018 - 2019,Halle,48,1,NA,0,0,2,0
5,2018 - 2019,Halle,41,1,5,1,0,2,0
5,2018 - 2019,Halle,37,1,5,1,0,2,0
5,2018 - 2019,Halle,38,1,5,1,0,2,0
5,2018 - 2019,Halle,36,1,5,1,1,2,0
5,2018 - 2019,Halle,42,1,4,1,1,2,0
5,2018 - 2019,Halle,29,1,NA,0,0,2,0
5,2018 - 2019,Halle,31,1,NA,0,1,2,0
5,2018 - 2019,Halle,46,1,4,1,1,2,0
5,2018 - 2019,Halle,43,1,NA,0,0,2,0
5,2018 - 2019,Halle,47,1,NA,0,0,2,0
6,2018 - 2019,Halle,66,1,NA,0,0,2,0
6,2018 - 2019,Halle,69,1,NA,0,0,2,0
6,2018 - 2019,Halle,69,1,NA,0,0,2,0
6,2018 - 2019,Halle,86,1,NA,0,0,2,0
6,2018 - 2019,Halle,71,1,NA,0,0,2,0
6,2018 - 2019,Halle,83,1,NA,0,1,2,0
6,2018 - 2019,Halle,89,1,NA,0,0,2,0
6,2018 - 2019,Halle,67,1,NA,0,0,2,0
6,2018 - 2019,Halle,67,1,NA,0,0,2,0
6,2018 - 2019,Halle,87,1,NA,0,0,2,0
6,2018 - 2019,Halle,70,1,NA,0,2,2,0
6,2018 - 2019,Halle,84,1,NA,0,0,2,0
6,2018 - 2019,Halle,85,1,NA,0,0,2,0
6,2018 - 2019,Halle,85,1,NA,0,0,2,0
6,2018 - 2019,Halle,85,1,NA,0,0,2,0
6,2018 - 2019,Halle,93,1,5,1,0,2,0
7,2018 - 2019,Halle,103,1,6,1,1,0,0
7,2018 - 2019,Halle,109,1,NA,0,0,0,0
7,2018 - 2019,Halle,109,1,NA,0,0,0,0
7,2018 - 2019,Halle,111,1,NA,0,0,0,0
7,2018 - 2019,Halle,110,1,4,1,2,0,0
7,2018 - 2019,Halle,108,1,1,1,0,0,0
7,2018 - 2019,Halle,105,1,3,1,0,0,0
4,2018 - 2019,Halle,92,1,NA,0,0,2,0
4,2018 - 2019,Halle,94,1,4,1,0,2,0
4,2018 - 2019,Halle,95,1,NA,0,0,2,0
4,2018 - 2019,Halle,96,1,NA,0,0,2,0
4,2018 - 2019,Halle,97,1,4,1,0,2,0
4,2018 - 2019,Halle,98,1,3,1,0,2,0
4,2018 - 2019,Halle,100,1,NA,0,0,2,0
4,2018 - 2019,Halle,104,1,NA,0,0,2,0
4,2018 - 2019,Halle,114,1,1,1,0,2,0
4,2018 - 2019,Halle,78,1,5,1,0,2,0
4,2018 - 2019,Halle,80,1,2,1,0,2,0
4,2018 - 2019,Halle,81,1,13,1,0,2,0
4,2018 - 2019,Halle,82,1,4,1,0,2,0
4,2018 - 2019,Halle,88,1,4,1,0,2,0
4,2018 - 2019,Halle,89,1,NA,0,0,2,0
4,2018 - 2019,Halle,90,1,3,1,0,2,0
4,2018 - 2019,Halle,91,1,NA,0,0,2,0
4,2018 - 2019,Halle,92,1,NA,0,0,2,0
4,2018 - 2019,Halle,102,1,NA,0,0,2,0
4,2018 - 2019,Halle,99,1,3,1,0,2,0
4,2018 - 2019,Halle,99,1,3,1,0,2,0
4,2018 - 2019,Halle,101,1,NA,0,0,2,0
4,2018 - 2019,Halle,53,1,NA,0,0,2,0
4,2018 - 2019,Halle,54,1,NA,0,0,2,0
4,2018 - 2019,Halle,55,1,4,1,0,2,0
4,2018 - 2019,Halle,56,1,4,1,0,2,0
4,2018 - 2019,Halle,59,1,13,1,2,2,0
4,2018 - 2019,Halle,59,1,13,1,0,2,0
4,2018 - 2019,Halle,60,1,8,1,1,2,0
4,2018 - 2019,Halle,61,1,4,1,0,2,0
4,2018 - 2019,Halle,62,1,3,1,0,2,0
4,2018 - 2019,Halle,63,1,3,1,0,2,0
4,2018 - 2019,Halle,64,1,13,1,0,2,0
4,2018 - 2019,Halle,65,1,16,1,0,2,0
4,2018 - 2019,Halle,72,1,4,1,0,2,0
4,2018 - 2019,Halle,74,1,11,1,0,2,0
4,2018 - 2019,Halle,75,1,4,1,1,2,0
4,2018 - 2019,Halle,76,1,3,1,0,2,0
4,2018 - 2019,Halle,77,1,3,1,0,2,0
4,2018 - 2019,Halle,79,1,NA,0,0,2,0
3,2018 - 2019,Halle,39,1,NA,0,0,1,0
3,2018 - 2019,Halle,40,1,NA,0,0,1,0
4,2018 - 2019,Halle,49,1,8,1,0,2,0
4,2018 - 2019,Halle,50,1,4,1,1,2,0
4,2018 - 2019,Halle,51,1,4,1,1,2,0
4,2018 - 2019,Halle,52,1,5,1,0,2,0
4,2018 - 2019,Halle,52,1,5,1,0,2,0
4,2018 - 2019,Halle,52,1,5,1,1,2,0
4,2018 - 2019,Halle,53,1,NA,0,0,2,0
3,2018 - 2019,Halle,10,1,3,1,2,1,0
3,2018 - 2019,Halle,12,1,3,1,0,1,0
3,2018 - 2019,Halle,14,1,3,1,0,1,0
3,2018 - 2019,Halle,16,1,4,1,0,1,0
3,2018 - 2019,Halle,16,1,4,1,0,1,0
3,2018 - 2019,Halle,16,1,4,1,0,1,0
3,2018 - 2019,Halle,18,1,4,1,2,1,0
3,2018 - 2019,Halle,20,1,NA,0,0,1,0
3,2018 - 2019,Halle,22,1,3,1,2,1,0
3,2018 - 2019,Halle,22,1,3,1,0,1,0
3,2018 - 2019,Halle,22,1,3,1,0,1,0
3,2018 - 2019,Halle,24,1,NA,0,0,1,0
3,2018 - 2019,Halle,26,1,4,1,1,1,0
3,2018 - 2019,Halle,30,1,8,1,0,1,0
3,2018 - 2019,Halle,27,1,NA,0,1,1,0
3,2018 - 2019,Halle,35,1,NA,0,0,1,0
3,2018 - 2019,Halle,35,1,NA,0,0,1,0
3,2018 - 2019,Halle,35,1,NA,0,0,1,0
P1,2018 - 2019,Halle,8,0,4,0,0,0,1
P1,2018 - 2019,Halle,8,0,4,0,0,0,1
P1,2018 - 2019,Halle,115,0,4,0,0,0,1
P3,2018 - 2019,Halle,12,0,3,0,0,0,1
P6,2018 - 2019,Halle,83,0,NA,0,0,0,0
P6,2018 - 2019,Halle,87,0,NA,0,0,0,0
P1,2019 - 2020,Halle,2,1,5,1,0,0,0
P1,2019 - 2020,Halle,2,1,5,1,0,0,0
P1,2019 - 2020,Halle,3,1,7,1,1,0,0
P1,2019 - 2020,Halle,4,1,NA,0,0,0,0
P1,2019 - 2020,Halle,5,1,2,1,0,0,0
P1,2019 - 2020,Halle,5,1,2,1,1,0,0
P1,2019 - 2020,Halle,6,1,6,1,0,0,0
P1,2019 - 2020,Halle,6,1,6,1,0,0,0
P1,2019 - 2020,Halle,7,1,7,1,0,0,0
P1,2019 - 2020,Halle,8,1,NA,0,0,0,0
P1,2019 - 2020,Halle,8,1,NA,0,0,0,0
P1,2019 - 2020,Halle,9,1,3,1,0,0,0
P1,2019 - 2020,Halle,11,1,5,1,0,0,0
P1,2019 - 2020,Halle,13,1,NA,0,0,0,0
P1,2019 - 2020,Halle,15,1,NA,0,0,0,0
P1,2019 - 2020,Halle,17,1,3,1,0,0,0
P1,2019 - 2020,Halle,19,1,NA,0,0,0,0
P1,2019 - 2020,Halle,4,1,NA,0,0,0,0
P1,2019 - 2020,Halle,115,1,2,1,0,0,0
P1,2019 - 2020,Halle,112,1,9,1,0,0,0
P2,2019 - 2020,Halle,15,1,NA,0,0,0,0
P2,2019 - 2020,Halle,21,1,9,1,0,0,0
P2,2019 - 2020,Halle,23,1,NA,0,0,0,0
P2,2019 - 2020,Halle,25,1,NA,0,0,0,0
P2,2019 - 2020,Halle,25,1,NA,0,0,0,0
P3,2019 - 2020,Halle,10,1,4,1,0,0,0
P3,2019 - 2020,Halle,12,1,NA,0,0,0,0
P3,2019 - 2020,Halle,14,1,NA,0,0,0,0
P3,2019 - 2020,Halle,16,1,NA,0,0,0,0
P3,2019 - 2020,Halle,16,1,NA,0,0,0,0
P3,2019 - 2020,Halle,16,1,NA,0,0,0,0
P3,2019 - 2020,Halle,18,1,NA,0,0,0,0
P3,2019 - 2020,Halle,22,1,NA,0,0,0,0
P3,2019 - 2020,Halle,22,1,NA,0,0,0,0
P3,2019 - 2020,Halle,22,1,NA,0,0,0,0
P3,2019 - 2020,Halle,26,1,NA,0,1,0,0
P3,2019 - 2020,Halle,30,1,NA,0,0,0,0
P4,2019 - 2020,Halle,10,1,4,1,0,0,0
P4,2019 - 2020,Halle,26,1,NA,0,0,0,0
P4,2019 - 2020,Halle,26,1,NA,0,0,0,0
P4,2019 - 2020,Halle,94,1,NA,0,0,0,0
P4,2019 - 2020,Halle,97,1,NA,0,0,0,0
P4,2019 - 2020,Halle,98,1,NA,0,0,0,0
P4,2019 - 2020,Halle,114,1,NA,0,0,0,0
P4,2019 - 2020,Halle,78,1,NA,0,2,0,0
P4,2019 - 2020,Halle,80,1,NA,0,0,0,0
P4,2019 - 2020,Halle,81,1,NA,0,0,0,0
P4,2019 - 2020,Halle,82,1,NA,0,0,0,0
P4,2019 - 2020,Halle,88,1,NA,0,0,0,0
P4,2019 - 2020,Halle,90,1,NA,0,0,0,0
P4,2019 - 2020,Halle,99,1,NA,0,0,0,0
P4,2019 - 2020,Halle,99,1,NA,0,0,0,0
P4,2019 - 2020,Halle,75,1,NA,0,0,0,0
P4,2019 - 2020,Halle,76,1,NA,0,0,0,0
P4,2019 - 2020,Halle,77,1,NA,0,0,0,0
P4,2019 - 2020,Halle,49,1,NA,0,0,0,0
P4,2019 - 2020,Halle,50,1,3,1,2,0,0
P4,2019 - 2020,Halle,51,1,NA,0,0,0,0
P4,2019 - 2020,Halle,52,1,NA,0,0,0,0
P4,2019 - 2020,Halle,52,1,NA,0,0,0,0
P4,2019 - 2020,Halle,52,1,NA,0,0,0,0
P5,2019 - 2020,Halle,55,1,NA,0,0,0,0
P5,2019 - 2020,Halle,56,1,NA,0,0,0,0
P5,2019 - 2020,Halle,59,1,NA,0,0,0,0
P5,2019 - 2020,Halle,59,1,NA,0,1,0,0
P5,2019 - 2020,Halle,60,1,NA,0,0,0,0
P5,2019 - 2020,Halle,61,1,NA,0,0,0,0
P5,2019 - 2020,Halle,62,1,NA,0,0,0,0
P5,2019 - 2020,Halle,63,1,NA,0,0,0,0
P5,2019 - 2020,Halle,64,1,NA,0,0,0,0
P5,2019 - 2020,Halle,65,1,NA,0,0,0,0
P5,2019 - 2020,Halle,72,1,NA,0,0,0,0
P5,2019 - 2020,Halle,74,1,NA,0,0,0,0
P5,2019 - 2020,Halle,34,0,NA,0,0,1,0
P6,2019 - 2020,Halle,41,1,NA,0,0,1,0
P6,2019 - 2020,Halle,37,1,NA,0,0,1,0
P6,2019 - 2020,Halle,38,1,NA,0,0,1,0
P6,2019 - 2020,Halle,37,1,NA,0,0,1,0
P6,2019 - 2020,Halle,36,1,NA,0,0,1,0
P6,2019 - 2020,Halle,42,1,NA,0,2,1,0
P7,2019 - 2020,Halle,46,1,NA,0,0,1,0
P7,2019 - 2020,Halle,42,1,NA,0,0,1,0
P7,2019 - 2020,Halle,42,1,NA,0,0,1,0
P7,2019 - 2020,Halle,42,1,NA,0,0,1,0
P7,2019 - 2020,Halle,38,1,NA,0,0,1,0
NA,2019 - 2020,Halle,36,1,NA,0,0,1,0
NA,2019 - 2020,Halle,36,1,NA,0,0,1,0
NA,2019 - 2020,Halle,93,1,NA,0,0,0,0
NA,2019 - 2020,Halle,116,1,NA,0,0,0,0
NA,2019 - 2020,Halle,103,1,NA,0,0,0,0
NA,2019 - 2020,Halle,108,1,NA,0,0,0,0
NA,2019 - 2020,Halle,105,1,NA,0,0,0,0
NA,2019 - 2020,Halle,105,1,NA,0,0,0,0
NA,2019 - 2020,Halle,105,1,NA,0,0,0,0
NA,2019 - 2020,Halle,103,1,NA,0,0,0,0
NA,2019 - 2020,Halle,103,1,NA,0,0,0,0
NA,2019 - 2020,Halle,103,1,NA,0,0,0,0
NA,2019 - 2020,Halle,103,1,NA,0,0,0,0
P1,2019 - 2020,Halle,8,0,2,0,0,2,1
P1,2019 - 2020,Halle,8,0,NA,0,0,2,0
P1,2019 - 2020,Halle,115,0,2,0,0,2,1
P2,2019 - 2020,Halle,123,0,4,0,0,5,1
P3,2019 - 2020,Halle,12,0,NA,0,0,3,0
P3,2019 - 2020,Halle,131,0,2,0,0,3,1
P4,2019 - 2020,Halle,135,0,5,0,0,8,1
P4,2019 - 2020,Halle,136,0,3,0,0,8,1
P4,2019 - 2020,Halle,137,0,3,0,0,8,1
P4,2019 - 2020,Halle,138,0,3,0,0,8,1
P4,2019 - 2020,Halle,139,0,3,0,0,8,1
P4,2019 - 2020,Halle,140,0,4,0,0,8,1
P4,2019 - 2020,Halle,141,0,4,0,0,8,1
P5,2019 - 2020,Halle,132,0,3,0,0,5,1
P5,2019 - 2020,Halle,133,0,3,0,0,5,1
P5,2019 - 2020,Halle,134,0,4,0,0,5,1
P6,2019 - 2020,Halle,124,0,3,0,0,2,1
P6,2019 - 2020,Halle,125,0,4,0,0,2,1
P6,2019 - 2020,Halle,126,0,3,0,0,2,1
P1,2020 - 2021,Halle,2,1,3,1,0,2,0
P1,2020 - 2021,Halle,2,1,3,1,1,2,0
P1,2020 - 2021,Halle,3,1,9,1,0,2,0
P1,2020 - 2021,Halle,4,1,6,1,0,2,0
P1,2020 - 2021,Halle,5,1,NA,0,0,2,0
P1,2020 - 2021,Halle,5,1,NA,0,0,2,0
P1,2020 - 2021,Halle,6,0,6,0,0,2,1
P1,2020 - 2021,Halle,6,1,6,1,1,2,0
P1,2020 - 2021,Halle,7,1,17,1,0,2,0
P1,2020 - 2021,Halle,8,1,NA,0,0,2,0
P1,2020 - 2021,Halle,8,0,NA,0,0,2,0
P1,2020 - 2021,Halle,9,1,4,1,0,2,0
P1,2020 - 2021,Halle,11,1,4,1,0,2,0
P2,2020 - 2021,Halle,17,1,3,1,0,2,0
P2,2020 - 2021,Halle,4,0,6,0,0,2,1
P2,2020 - 2021,Halle,115,1,1,1,0,2,0
P2,2020 - 2021,Halle,112,1,11,1,1,2,0
P3,2020 - 2021,Halle,21,1,7,1,0,5,0
P4,2020 - 2021,Halle,21,1,7,1,0,5,0
P4,2020 - 2021,Halle,127,1,NA,0,0,5,0
P4,2020 - 2021,Halle,123,1,NA,0,0,5,0
P4,2020 - 2021,Halle,10,1,4,1,0,3,0
P5,2020 - 2021,Halle,10,1,4,1,0,3,0
P5,2020 - 2021,Halle,131,1,3,1,0,3,0
P6,2020 - 2021,Halle,135,1,7,1,0,8,0
P6,2020 - 2021,Halle,136,1,2,1,0,8,0
P6,2020 - 2021,Halle,137,1,NA,0,0,8,0
P6,2020 - 2021,Halle,138,1,4,1,0,8,0
P6,2020 - 2021,Halle,139,1,3,1,0,8,0
P7,2020 - 2021,Halle,140,1,2,1,0,8,0
NA,2020 - 2021,Halle,141,1,NA,0,0,8,0
NA,2020 - 2021,Halle,50,1,NA,0,0,6,0
NA,2020 - 2021,Halle,128,1,3,1,0,5,0
NA,2020 - 2021,Halle,129,1,13,1,0,5,0
NA,2020 - 2021,Halle,130,1,6,1,0,5,0
NA,2020 - 2021,Halle,132,1,5,1,0,5,0
NA,2020 - 2021,Halle,133,1,5,1,0,5,0
NA,2020 - 2021,Halle,134,1,NA,0,0,5,0
NA,2020 - 2021,Halle,119,1,NA,0,0,2,0
NA,2020 - 2021,Halle,120,1,5,1,0,2,0
NA,2020 - 2021,Halle,121,1,6,1,0,2,0
NA,2020 - 2021,Halle,122,1,NA,0,0,2,0
NA,2020 - 2021,Halle,124,1,4,1,0,2,0
NA,2020 - 2021,Halle,125,1,6,1,0,2,0
NA,2020 - 2021,Halle,126,1,NA,0,0,2,0
P1,2020 - 2021,Halle,8,0,NA,0,0,0,0
P1,2020 - 2021,Halle,115,0,1,0,0,0,1
P2,2020 - 2021,Halle,123,0,NA,0,0,2,0
P2,2020 - 2021,Halle,0,0,3,0,0,2,1
P3,2020 - 2021,Halle,131,0,3,0,1,5,1
P3,2020 - 2021,Halle,178,0,4,0,0,5,1
P4,2020 - 2021,Halle,135,0,7,0,2,6,1
P4,2020 - 2021,Halle,136,0,2,0,0,6,1
P4,2020 - 2021,Halle,137,0,NA,0,0,6,0
P4,2020 - 2021,Halle,138,0,4,0,0,6,1
P4,2020 - 2021,Halle,139,0,3,0,0,6,1
P4,2020 - 2021,Halle,140,0,2,0,0,6,1
P4,2020 - 2021,Halle,141,0,5,0,0,6,1
P4,2020 - 2021,Halle,3392,0,3,0,0,6,1
P4,2020 - 2021,Halle,179,0,3,0,0,6,1
P4,2020 - 2021,Halle,3393,0,4,0,0,6,1
P4,2020 - 2021,Halle,180,0,4,0,0,6,1
P4,2020 - 2021,Halle,3395,0,4,0,0,6,1
P4,2020 - 2021,Halle,3396,0,4,0,0,6,1
P5,2020 - 2021,Halle,132,0,5,0,1,1,1
P5,2020 - 2021,Halle,133,0,5,0,0,1,1
P5,2020 - 2021,Halle,134,0,NA,0,0,1,0
P5,2020 - 2021,Halle,141,0,NA,0,0,1,0
P5,2020 - 2021,Halle,177,0,4,0,0,1,1
P6,2020 - 2021,Halle,124,0,4,0,0,8,1
P6,2020 - 2021,Halle,125,0,6,0,0,8,1
P6,2020 - 2021,Halle,126,0,NA,0,0,8,0
P6,2020 - 2021,Halle,174,0,5,0,0,8,1
P6,2020 - 2021,Halle,175,0,4,0,0,8,1
P7,2020 - 2021,Halle,173,0,5,0,0,4,1
P1,2018 - 2019,Bad Lauchst?dt,1,1,6,1,5,0,0
P1,2018 - 2019,Bad Lauchst?dt,2,1,NA,0,6,0,0
P1,2018 - 2019,Bad Lauchst?dt,2,1,NA,0,1,0,0
P1,2018 - 2019,Bad Lauchst?dt,2,1,NA,0,2,0,0
P1,2018 - 2019,Bad Lauchst?dt,2,1,NA,0,3,0,0
P1,2018 - 2019,Bad Lauchst?dt,2,1,NA,0,3,0,0
P1,2018 - 2019,Bad Lauchst?dt,2,1,NA,0,4,0,0
P1,2018 - 2019,Bad Lauchst?dt,5,1,3,1,0,0,0
P1,2018 - 2019,Bad Lauchst?dt,4,1,NA,0,2,0,0
P1,2018 - 2019,Bad Lauchst?dt,4,1,NA,0,6,0,0
P1,2018 - 2019,Bad Lauchst?dt,4,1,NA,0,2,0,0
P1,2018 - 2019,Bad Lauchst?dt,4,1,NA,0,5,0,0
P1,2018 - 2019,Bad Lauchst?dt,4,1,NA,0,2,0,0
P1,2018 - 2019,Bad Lauchst?dt,3,1,NA,0,3,0,0
P1,2018 - 2019,Bad Lauchst?dt,3,1,NA,0,2,0,0
P2,2018 - 2019,Bad Lauchst?dt,6,1,NA,0,23,1,0
P2,2018 - 2019,Bad Lauchst?dt,7,1,NA,0,2,1,0
P2,2018 - 2019,Bad Lauchst?dt,11,1,NA,0,2,1,0
P2,2018 - 2019,Bad Lauchst?dt,10,1,NA,0,3,1,0
P2,2018 - 2019,Bad Lauchst?dt,14,1,NA,0,6,1,0
P2,2018 - 2019,Bad Lauchst?dt,15,1,NA,0,13,1,0
P2,2018 - 2019,Bad Lauchst?dt,15,1,NA,0,22,1,0
P2,2018 - 2019,Bad Lauchst?dt,16,1,NA,0,5,1,0
P3,2018 - 2019,Bad Lauchst?dt,17,1,NA,0,27,1,0
P3,2018 - 2019,Bad Lauchst?dt,18,1,7,1,0,1,0
P4,2018 - 2019,Bad Lauchst?dt,19,1,NA,0,1,0,0
P4,2018 - 2019,Bad Lauchst?dt,20,1,NA,0,7,0,0
P4,2018 - 2019,Bad Lauchst?dt,21,1,NA,0,1,0,0
P5,2018 - 2019,Bad Lauchst?dt,28,1,NA,0,8,0,0
P5,2018 - 2019,Bad Lauchst?dt,22,1,NA,0,3,0,0
P5,2018 - 2019,Bad Lauchst?dt,24,1,5,1,0,0,0
P5,2018 - 2019,Bad Lauchst?dt,23,1,NA,0,1,0,0
P5,2018 - 2019,Bad Lauchst?dt,38,1,NA,0,4,0,0
P5,2018 - 2019,Bad Lauchst?dt,26,1,NA,0,1,0,0
P5,2018 - 2019,Bad Lauchst?dt,25,1,NA,0,3,0,0
P5,2018 - 2019,Bad Lauchst?dt,27,1,NA,0,0,0,0
P6,2018 - 2019,Bad Lauchst?dt,30,1,NA,0,1,1,0
P6,2018 - 2019,Bad Lauchst?dt,29,1,6,1,0,1,0
P6,2018 - 2019,Bad Lauchst?dt,32,1,NA,0,3,1,0
P6,2018 - 2019,Bad Lauchst?dt,33,1,17,1,9,1,0
P6,2018 - 2019,Bad Lauchst?dt,31,1,NA,0,1,1,0
P6,2018 - 2019,Bad Lauchst?dt,31,1,NA,0,0,1,0
P7,2018 - 2019,Bad Lauchst?dt,57,1,NA,0,1,2,0
P7,2018 - 2019,Bad Lauchst?dt,55,1,17,1,0,2,0
P7,2018 - 2019,Bad Lauchst?dt,41,1,NA,0,33,2,0
P8,2018 - 2019,Bad Lauchst?dt,64,1,16,1,0,1,0
P8,2018 - 2019,Bad Lauchst?dt,66,1,NA,0,3,1,0
P8,2018 - 2019,Bad Lauchst?dt,67,1,5,1,0,1,0
P8,2018 - 2019,Bad Lauchst?dt,69,1,4,1,0,1,0
P8,2018 - 2019,Bad Lauchst?dt,47,1,NA,0,4,1,0
P8,2018 - 2019,Bad Lauchst?dt,43,1,NA,0,5,1,0
P7,2018 - 2019,Bad Lauchst?dt,37,1,NA,0,5,2,0
P7,2018 - 2019,Bad Lauchst?dt,35,1,4,1,0,2,0
P7,2018 - 2019,Bad Lauchst?dt,39,1,13,1,0,2,0
P7,2018 - 2019,Bad Lauchst?dt,40,1,NA,0,0,2,0
P7,2018 - 2019,Bad Lauchst?dt,36,1,NA,0,1,2,0
P7,2018 - 2019,Bad Lauchst?dt,54,1,13,1,0,2,0
P7,2018 - 2019,Bad Lauchst?dt,9,1,3,1,3,2,0
P7,2018 - 2019,Bad Lauchst?dt,13,1,NA,0,2,2,0
P8,2018 - 2019,Bad Lauchst?dt,44,1,4,1,16,1,0
P8,2018 - 2019,Bad Lauchst?dt,49,1,5,1,6,1,0
P8,2018 - 2019,Bad Lauchst?dt,70,1,3,1,0,1,0
P9,2018 - 2019,Bad Lauchst?dt,81,1,3,1,0,1,0
P9,2018 - 2019,Bad Lauchst?dt,82,1,8,1,0,1,0
P9,2018 - 2019,Bad Lauchst?dt,51,1,4,1,0,1,0
P9,2018 - 2019,Bad Lauchst?dt,50,1,NA,0,3,1,0
P9,2018 - 2019,Bad Lauchst?dt,48,1,13,1,3,1,0
P9,2018 - 2019,Bad Lauchst?dt,48,1,13,1,3,1,0
P9,2018 - 2019,Bad Lauchst?dt,46,1,NA,0,11,1,0
P9,2018 - 2019,Bad Lauchst?dt,42,1,NA,0,12,1,0
P9,2018 - 2019,Bad Lauchst?dt,45,1,NA,0,0,1,0
P9,2018 - 2019,Bad Lauchst?dt,52,1,8,1,1,1,0
P9,2018 - 2019,Bad Lauchst?dt,75,1,3,1,0,1,0
P9,2018 - 2019,Bad Lauchst?dt,56,1,20,1,8,1,0
P9,2018 - 2019,Bad Lauchst?dt,53,1,5,1,1,1,0
P9,2018 - 2019,Bad Lauchst?dt,53,1,5,1,5,1,0
P10,2018 - 2019,Bad Lauchst?dt,74,1,NA,0,3,3,0
P10,2018 - 2019,Bad Lauchst?dt,68,1,8,1,7,3,0
P10,2018 - 2019,Bad Lauchst?dt,59,1,8,1,0,3,0
P10,2018 - 2019,Bad Lauchst?dt,61,1,4,1,0,3,0
P10,2018 - 2019,Bad Lauchst?dt,60,1,9,1,0,3,0
P10,2018 - 2019,Bad Lauchst?dt,58,1,NA,0,14,3,0
P10,2018 - 2019,Bad Lauchst?dt,62,1,4,1,3,3,0
P10,2018 - 2019,Bad Lauchst?dt,63,1,10,1,1,3,0
P10,2018 - 2019,Bad Lauchst?dt,65,1,7,1,0,3,0
P10,2018 - 2019,Bad Lauchst?dt,71,1,8,1,0,3,0
P10,2018 - 2019,Bad Lauchst?dt,73,1,NA,0,0,3,0
P10,2018 - 2019,Bad Lauchst?dt,72,1,6,1,35,3,0
P11,2018 - 2019,Bad Lauchst?dt,76,1,13,1,0,0,0
P11,2018 - 2019,Bad Lauchst?dt,77,1,4,1,0,0,0
P11,2018 - 2019,Bad Lauchst?dt,78,1,NA,0,0,0,0
P11,2018 - 2019,Bad Lauchst?dt,80,1,NA,0,4,0,0
P11,2018 - 2019,Bad Lauchst?dt,79,1,16,1,7,0,0
P11,2018 - 2019,Bad Lauchst?dt,84,1,3,1,0,0,0
P11,2018 - 2019,Bad Lauchst?dt,84,1,3,1,0,0,0
P11,2018 - 2019,Bad Lauchst?dt,85,1,4,1,0,0,0
P11,2018 - 2019,Bad Lauchst?dt,86,1,3,1,8,0,0
P11,2018 - 2019,Bad Lauchst?dt,86,1,3,1,10,0,0
P11,2018 - 2019,Bad Lauchst?dt,90,1,5,1,2,0,0
P11,2018 - 2019,Bad Lauchst?dt,90,1,5,1,0,0,0
P11,2018 - 2019,Bad Lauchst?dt,89,1,NA,0,16,0,0
P12,2018 - 2019,Bad Lauchst?dt,94,1,5,1,2,5,0
P12,2018 - 2019,Bad Lauchst?dt,93,1,1,1,0,5,0
P12,2018 - 2019,Bad Lauchst?dt,92,1,5,1,0,5,0
P12,2018 - 2019,Bad Lauchst?dt,96,1,2,1,0,5,0
P12,2018 - 2019,Bad Lauchst?dt,91,1,NA,0,5,5,0
P12,2018 - 2019,Bad Lauchst?dt,91,1,NA,0,3,5,0
P12,2018 - 2019,Bad Lauchst?dt,91,1,NA,0,1,5,0
P12,2018 - 2019,Bad Lauchst?dt,91,1,NA,0,4,5,0
P12,2018 - 2019,Bad Lauchst?dt,95,1,NA,0,0,5,0
P12,2018 - 2019,Bad Lauchst?dt,97,1,5,1,2,5,0
P12,2018 - 2019,Bad Lauchst?dt,110,1,2,1,0,5,0
P12,2018 - 2019,Bad Lauchst?dt,101,1,NA,0,0,5,0
P12,2018 - 2019,Bad Lauchst?dt,100,1,4,1,0,5,0
P12,2018 - 2019,Bad Lauchst?dt,111,1,7,1,2,5,0
P12,2018 - 2019,Bad Lauchst?dt,109,1,12,1,0,5,0
P12,2018 - 2019,Bad Lauchst?dt,109,1,12,1,0,5,0
P12,2018 - 2019,Bad Lauchst?dt,88,1,10,1,6,5,0
P12,2018 - 2019,Bad Lauchst?dt,105,1,12,1,0,5,0
P12,2018 - 2019,Bad Lauchst?dt,103,1,5,1,0,5,0
P12,2018 - 2019,Bad Lauchst?dt,106,1,NA,0,0,5,0
P12,2018 - 2019,Bad Lauchst?dt,104,1,9,1,1,5,0
P12,2018 - 2019,Bad Lauchst?dt,107,1,6,1,0,5,0
P12,2018 - 2019,Bad Lauchst?dt,108,1,5,1,0,5,0
P12,2018 - 2019,Bad Lauchst?dt,98,1,5,1,0,5,0
P12,2018 - 2019,Bad Lauchst?dt,99,1,6,1,1,5,0
P12,2018 - 2019,Bad Lauchst?dt,117,1,7,1,0,5,0
P12,2018 - 2019,Bad Lauchst?dt,119,1,5,1,0,5,0
P12,2018 - 2019,Bad Lauchst?dt,118,1,7,1,4,5,0
P12,2018 - 2019,Bad Lauchst?dt,102,1,NA,0,3,5,0
P12,2018 - 2019,Bad Lauchst?dt,112,1,NA,0,10,5,0
P12,2018 - 2019,Bad Lauchst?dt,113,1,4,1,0,5,0
P12,2018 - 2019,Bad Lauchst?dt,116,1,NA,0,3,5,0
P12,2018 - 2019,Bad Lauchst?dt,114,1,NA,0,0,5,0
P7,2018 - 2019,Bad Lauchst?dt,129,0,4,0,1,0,1
P7,2018 - 2019,Bad Lauchst?dt,34,0,15,0,3,0,1
P7,2018 - 2019,Bad Lauchst?dt,120,0,5,0,1,0,1
P7,2018 - 2019,Bad Lauchst?dt,121,0,21,0,7,0,1
P7,2018 - 2019,Bad Lauchst?dt,122,0,6,0,2,0,1
P7,2018 - 2019,Bad Lauchst?dt,128,0,10,0,1,0,1
P8,2018 - 2019,Bad Lauchst?dt,127,0,9,0,8,0,1
P11,2018 - 2019,Bad Lauchst?dt,130,0,12,0,10,0,1
P12,2018 - 2019,Bad Lauchst?dt,2080,0,6,0,0,1,1
P1,2019 - 2020,Bad Lauchst?dt,1,1,NA,0,1,0,0
P1,2019 - 2020,Bad Lauchst?dt,5,1,NA,0,0,0,0
P3,2019 - 2020,Bad Lauchst?dt,18,1,NA,0,3,0,0
P5,2019 - 2020,Bad Lauchst?dt,24,1,3,1,1,0,0
P6,2019 - 2020,Bad Lauchst?dt,29,1,6,1,2,0,0
P6,2019 - 2020,Bad Lauchst?dt,33,1,NA,0,4,0,0
P6,2019 - 2020,Bad Lauchst?dt,29,1,6,1,1,0,0
P7,2019 - 2020,Bad Lauchst?dt,55,1,9,1,4,0,0
P7,2019 - 2020,Bad Lauchst?dt,35,1,NA,0,1,0,0
P7,2019 - 2020,Bad Lauchst?dt,39,1,24,1,1,0,0
P7,2019 - 2020,Bad Lauchst?dt,54,1,5,1,5,0,0
P7,2019 - 2020,Bad Lauchst?dt,129,1,5,1,1,0,0
P7,2019 - 2020,Bad Lauchst?dt,9,1,8,1,2,0,0
P7,2019 - 2020,Bad Lauchst?dt,34,1,4,1,3,0,0
P7,2019 - 2020,Bad Lauchst?dt,9,1,8,1,1,0,0
P7,2019 - 2020,Bad Lauchst?dt,120,1,5,1,1,0,0
P7,2019 - 2020,Bad Lauchst?dt,121,1,10,1,7,0,0
P7,2019 - 2020,Bad Lauchst?dt,122,1,5,1,2,0,0
P7,2019 - 2020,Bad Lauchst?dt,128,1,8,1,1,0,0
P8,2019 - 2020,Bad Lauchst?dt,64,1,5,1,8,0,0
P8,2019 - 2020,Bad Lauchst?dt,67,1,7,1,1,0,0
P8,2019 - 2020,Bad Lauchst?dt,69,1,NA,0,0,0,0
P8,2019 - 2020,Bad Lauchst?dt,44,1,3,1,3,0,0
P8,2019 - 2020,Bad Lauchst?dt,49,1,6,1,3,0,0
P8,2019 - 2020,Bad Lauchst?dt,70,1,6,1,0,0,0
P8,2019 - 2020,Bad Lauchst?dt,127,1,5,1,8,0,0
P9,2019 - 2020,Bad Lauchst?dt,81,1,3,1,0,0,0
P9,2019 - 2020,Bad Lauchst?dt,82,1,4,1,1,0,0
P9,2019 - 2020,Bad Lauchst?dt,51,1,NA,0,0,0,0
P9,2019 - 2020,Bad Lauchst?dt,50,0,5,0,0,0,1
P9,2019 - 2020,Bad Lauchst?dt,48,1,6,1,4,0,0
P9,2019 - 2020,Bad Lauchst?dt,48,1,6,1,5,0,0
P9,2019 - 2020,Bad Lauchst?dt,52,1,16,1,3,0,0
P9,2019 - 2020,Bad Lauchst?dt,75,1,4,1,0,0,0
P9,2019 - 2020,Bad Lauchst?dt,56,1,47,1,7,0,0
P9,2019 - 2020,Bad Lauchst?dt,53,1,5,1,4,0,0
P9,2019 - 2020,Bad Lauchst?dt,53,1,5,1,3,0,0
P10,2019 - 2020,Bad Lauchst?dt,68,1,33,1,9,1,0
P10,2019 - 2020,Bad Lauchst?dt,59,1,5,1,3,1,0
P10,2019 - 2020,Bad Lauchst?dt,61,1,5,1,4,1,0
P10,2019 - 2020,Bad Lauchst?dt,60,1,4,1,4,1,0
P10,2019 - 2020,Bad Lauchst?dt,62,1,3,1,0,1,0
P10,2019 - 2020,Bad Lauchst?dt,63,1,5,1,4,1,0
P10,2019 - 2020,Bad Lauchst?dt,65,1,8,1,3,1,0
P10,2019 - 2020,Bad Lauchst?dt,71,1,7,1,3,1,0
P10,2019 - 2020,Bad Lauchst?dt,72,1,NA,0,3,1,0
P10,2019 - 2020,Bad Lauchst?dt,60,1,4,1,0,1,0
P11,2019 - 2020,Bad Lauchst?dt,76,1,32,1,6,0,0
P11,2019 - 2020,Bad Lauchst?dt,77,1,15,1,0,0,0
P11,2019 - 2020,Bad Lauchst?dt,130,1,NA,0,10,0,0
P11,2019 - 2020,Bad Lauchst?dt,79,1,30,1,0,0,0
P11,2019 - 2020,Bad Lauchst?dt,84,1,8,1,2,0,0
P11,2019 - 2020,Bad Lauchst?dt,84,1,8,1,0,0,0
P11,2019 - 2020,Bad Lauchst?dt,85,1,3,1,2,0,0
P11,2019 - 2020,Bad Lauchst?dt,86,1,NA,0,1,0,0
P11,2019 - 2020,Bad Lauchst?dt,86,1,NA,0,1,0,0
P11,2019 - 2020,Bad Lauchst?dt,90,1,7,1,1,0,0
P11,2019 - 2020,Bad Lauchst?dt,90,1,7,1,3,0,0
P12,2019 - 2020,Bad Lauchst?dt,94,1,5,1,1,1,0
P12,2019 - 2020,Bad Lauchst?dt,93,1,10,1,2,1,0
P12,2019 - 2020,Bad Lauchst?dt,92,1,3,1,0,1,0
P12,2019 - 2020,Bad Lauchst?dt,96,1,4,1,2,1,0
P12,2019 - 2020,Bad Lauchst?dt,91,1,2,1,3,1,0
P12,2019 - 2020,Bad Lauchst?dt,91,1,2,1,0,1,0
P12,2019 - 2020,Bad Lauchst?dt,91,0,2,0,0,1,1
P12,2019 - 2020,Bad Lauchst?dt,91,0,2,0,0,1,1
P12,2019 - 2020,Bad Lauchst?dt,97,1,5,1,2,1,0
P12,2019 - 2020,Bad Lauchst?dt,101,0,5,0,0,1,1
P12,2019 - 2020,Bad Lauchst?dt,2080,1,5,1,0,1,0
P12,2019 - 2020,Bad Lauchst?dt,100,1,3,1,3,1,0
P12,2019 - 2020,Bad Lauchst?dt,111,1,4,1,3,1,0
P12,2019 - 2020,Bad Lauchst?dt,109,1,2,1,0,1,0
P12,2019 - 2020,Bad Lauchst?dt,109,1,2,1,3,1,0
P12,2019 - 2020,Bad Lauchst?dt,88,1,3,1,5,1,0
P12,2019 - 2020,Bad Lauchst?dt,103,1,NA,0,1,1,0
P12,2019 - 2020,Bad Lauchst?dt,106,0,NA,0,0,1,0
P12,2019 - 2020,Bad Lauchst?dt,104,1,7,1,2,1,0
P12,2019 - 2020,Bad Lauchst?dt,107,1,4,1,2,1,0
P12,2019 - 2020,Bad Lauchst?dt,108,1,5,1,0,1,0
P12,2019 - 2020,Bad Lauchst?dt,98,1,6,1,0,1,0
P12,2019 - 2020,Bad Lauchst?dt,103,1,NA,0,0,1,0
P12,2019 - 2020,Bad Lauchst?dt,99,1,5,1,2,1,0
P12,2019 - 2020,Bad Lauchst?dt,117,1,6,1,2,1,0
P12,2019 - 2020,Bad Lauchst?dt,119,1,3,1,0,1,0
P12,2019 - 2020,Bad Lauchst?dt,118,1,5,1,0,1,0
P12,2019 - 2020,Bad Lauchst?dt,113,1,3,1,0,1,0
P12,2019 - 2020,Bad Lauchst?dt,98,1,6,1,0,1,0
P12,2019 - 2020,Bad Lauchst?dt,119,1,3,1,0,1,0
P12,2019 - 2020,Bad Lauchst?dt,100,1,3,1,3,1,0
P12,2019 - 2020,Bad Lauchst?dt,100,1,3,1,0,1,0
P4,2019 - 2020,Bad Lauchst?dt,142,0,1,0,0,2,1
P4,2019 - 2020,Bad Lauchst?dt,143,0,1,0,0,2,1
P4,2019 - 2020,Bad Lauchst?dt,144,0,2,0,0,2,1
P5,2019 - 2020,Bad Lauchst?dt,145,0,2,0,0,9,1
P6,2019 - 2020,Bad Lauchst?dt,146,0,13,0,1,1,1
P7,2019 - 2020,Bad Lauchst?dt,147,0,3,0,0,1,1
P7,2019 - 2020,Bad Lauchst?dt,148,0,4,0,1,1,1
P7,2019 - 2020,Bad Lauchst?dt,149,0,5,0,0,1,1
P7,2019 - 2020,Bad Lauchst?dt,149,0,5,0,1,1,1
P7,2019 - 2020,Bad Lauchst?dt,149,0,3,0,0,1,1
P8,2019 - 2020,Bad Lauchst?dt,150,0,4,0,0,12,1
P8,2019 - 2020,Bad Lauchst?dt,151,0,4,0,0,12,1
P8,2019 - 2020,Bad Lauchst?dt,151,0,3,0,1,12,1
P8,2019 - 2020,Bad Lauchst?dt,152,0,3,0,0,12,1
P8,2019 - 2020,Bad Lauchst?dt,153,0,4,0,0,12,1
P9,2019 - 2020,Bad Lauchst?dt,154,0,4,0,0,13,1
P9,2019 - 2020,Bad Lauchst?dt,155,0,4,0,0,13,1
P9,2019 - 2020,Bad Lauchst?dt,159,0,4,0,0,13,1
P9,2019 - 2020,Bad Lauchst?dt,161,0,3,0,0,13,1
P9,2019 - 2020,Bad Lauchst?dt,163,0,3,0,0,13,1
P9,2019 - 2020,Bad Lauchst?dt,165,0,5,0,0,13,1
P9,2019 - 2020,Bad Lauchst?dt,166,0,4,0,0,13,1
P9,2019 - 2020,Bad Lauchst?dt,167,0,3,0,0,13,1
P10,2019 - 2020,Bad Lauchst?dt,168,0,3,0,2,9,1
P10,2019 - 2020,Bad Lauchst?dt,168,0,4,0,0,9,1
P10,2019 - 2020,Bad Lauchst?dt,168,0,4,0,0,9,1
P10,2019 - 2020,Bad Lauchst?dt,168,0,7,0,0,9,1
P10,2019 - 2020,Bad Lauchst?dt,168,0,3,0,0,9,1
P10,2019 - 2020,Bad Lauchst?dt,168,0,3,0,0,9,1
P11,2019 - 2020,Bad Lauchst?dt,171,0,3,0,0,9,1
P11,2019 - 2020,Bad Lauchst?dt,172,0,3,0,0,9,1
P12,2019 - 2020,Bad Lauchst?dt,156,0,3,0,0,24,1
P12,2019 - 2020,Bad Lauchst?dt,157,0,3,0,0,24,1
P12,2019 - 2020,Bad Lauchst?dt,158,0,2,0,2,24,1
P12,2019 - 2020,Bad Lauchst?dt,160,0,5,0,1,24,1
P12,2019 - 2020,Bad Lauchst?dt,160,0,6,0,0,24,1
P12,2019 - 2020,Bad Lauchst?dt,162,0,2,0,0,24,1
P4,2020 - 2021,Bad Lauchst?dt,142,1,NA,0,0,2,0
P4,2020 - 2021,Bad Lauchst?dt,143,1,NA,0,0,2,0
P4,2020 - 2021,Bad Lauchst?dt,144,1,10,1,0,2,0
P5,2020 - 2021,Bad Lauchst?dt,24,1,NA,0,0,9,0
P5,2020 - 2021,Bad Lauchst?dt,145,1,5,1,0,9,0
P6,2020 - 2021,Bad Lauchst?dt,29,1,11,1,0,1,0
P6,2020 - 2021,Bad Lauchst?dt,33,0,NA,0,0,1,0
P6,2020 - 2021,Bad Lauchst?dt,29,1,11,1,0,1,0
P6,2020 - 2021,Bad Lauchst?dt,146,1,10,1,1,1,0
P7,2020 - 2021,Bad Lauchst?dt,35,0,NA,0,0,1,0
P7,2020 - 2021,Bad Lauchst?dt,39,1,14,1,3,1,0
P7,2020 - 2021,Bad Lauchst?dt,54,1,5,1,0,1,0
P7,2020 - 2021,Bad Lauchst?dt,129,1,NA,0,3,1,0
P7,2020 - 2021,Bad Lauchst?dt,9,1,NA,0,1,1,0
P7,2020 - 2021,Bad Lauchst?dt,34,1,NA,0,0,1,0
P7,2020 - 2021,Bad Lauchst?dt,9,1,NA,0,0,1,0
P7,2020 - 2021,Bad Lauchst?dt,120,1,7,1,0,1,0
P7,2020 - 2021,Bad Lauchst?dt,121,1,14,1,2,1,0
P7,2020 - 2021,Bad Lauchst?dt,122,1,15,1,1,1,0
P7,2020 - 2021,Bad Lauchst?dt,128,1,13,1,1,1,0
P7,2020 - 2021,Bad Lauchst?dt,147,1,NA,0,0,1,0
P7,2020 - 2021,Bad Lauchst?dt,148,1,5,1,1,1,0
P7,2020 - 2021,Bad Lauchst?dt,149,1,4,1,0,1,0
P7,2020 - 2021,Bad Lauchst?dt,149,1,4,1,1,1,0
P7,2020 - 2021,Bad Lauchst?dt,149,1,4,1,0,1,0
P7,2020 - 2021,Bad Lauchst?dt,120,1,7,1,1,1,0
P7,2020 - 2021,Bad Lauchst?dt,128,1,13,1,0,1,0
P7,2020 - 2021,Bad Lauchst?dt,55,1,NA,0,0,1,0
P8,2020 - 2021,Bad Lauchst?dt,64,1,5,1,1,12,0
P8,2020 - 2021,Bad Lauchst?dt,67,1,4,1,0,12,0
P8,2020 - 2021,Bad Lauchst?dt,69,0,7,0,0,12,1
P8,2020 - 2021,Bad Lauchst?dt,44,1,4,1,0,12,0
P8,2020 - 2021,Bad Lauchst?dt,49,1,NA,0,2,12,0
P8,2020 - 2021,Bad Lauchst?dt,70,1,18,1,0,12,0
P8,2020 - 2021,Bad Lauchst?dt,127,1,6,1,1,12,0
P8,2020 - 2021,Bad Lauchst?dt,64,1,5,1,0,12,0
P8,2020 - 2021,Bad Lauchst?dt,150,1,NA,0,0,12,0
P8,2020 - 2021,Bad Lauchst?dt,151,1,5,1,0,12,0
P8,2020 - 2021,Bad Lauchst?dt,151,1,5,1,1,12,0
P8,2020 - 2021,Bad Lauchst?dt,70,1,18,1,1,12,0
P8,2020 - 2021,Bad Lauchst?dt,152,1,4,1,0,12,0
P8,2020 - 2021,Bad Lauchst?dt,153,1,5,1,0,12,0
P9,2020 - 2021,Bad Lauchst?dt,81,1,NA,0,0,13,0
P9,2020 - 2021,Bad Lauchst?dt,82,1,4,1,2,13,0
P9,2020 - 2021,Bad Lauchst?dt,51,0,NA,0,0,13,0
P9,2020 - 2021,Bad Lauchst?dt,50,1,6,1,1,13,0
P9,2020 - 2021,Bad Lauchst?dt,48,1,NA,0,0,13,0
P9,2020 - 2021,Bad Lauchst?dt,48,1,NA,0,0,13,0
P9,2020 - 2021,Bad Lauchst?dt,52,1,16,1,1,13,0
P9,2020 - 2021,Bad Lauchst?dt,75,1,3,1,0,13,0
P9,2020 - 2021,Bad Lauchst?dt,56,1,91,1,13,13,0
P9,2020 - 2021,Bad Lauchst?dt,53,1,NA,0,0,13,0
P9,2020 - 2021,Bad Lauchst?dt,53,1,NA,0,1,13,0
P9,2020 - 2021,Bad Lauchst?dt,81,1,NA,0,0,13,0
P9,2020 - 2021,Bad Lauchst?dt,154,1,NA,0,0,13,0
P9,2020 - 2021,Bad Lauchst?dt,50,1,6,1,0,13,0
P9,2020 - 2021,Bad Lauchst?dt,50,1,6,1,2,13,0
P9,2020 - 2021,Bad Lauchst?dt,155,1,NA,0,0,13,0
P9,2020 - 2021,Bad Lauchst?dt,159,1,5,1,0,13,0
P9,2020 - 2021,Bad Lauchst?dt,161,1,5,1,0,13,0
P9,2020 - 2021,Bad Lauchst?dt,163,1,3,1,0,13,0
P9,2020 - 2021,Bad Lauchst?dt,165,1,6,1,0,13,0
P9,2020 - 2021,Bad Lauchst?dt,166,1,11,1,0,13,0
P9,2020 - 2021,Bad Lauchst?dt,167,1,4,1,0,13,0
P10,2020 - 2021,Bad Lauchst?dt,68,1,10,1,4,9,0
P10,2020 - 2021,Bad Lauchst?dt,59,1,NA,0,1,9,0
P10,2020 - 2021,Bad Lauchst?dt,61,1,NA,0,1,9,0
P10,2020 - 2021,Bad Lauchst?dt,60,1,8,1,1,9,0
P10,2020 - 2021,Bad Lauchst?dt,62,1,10,1,1,9,0
P10,2020 - 2021,Bad Lauchst?dt,63,1,NA,0,1,9,0
P10,2020 - 2021,Bad Lauchst?dt,65,1,NA,0,0,9,0
P10,2020 - 2021,Bad Lauchst?dt,71,1,5,1,0,9,0
P10,2020 - 2021,Bad Lauchst?dt,72,0,NA,0,0,9,0
P10,2020 - 2021,Bad Lauchst?dt,60,1,8,1,1,9,0
P10,2020 - 2021,Bad Lauchst?dt,59,1,NA,0,1,9,0
P10,2020 - 2021,Bad Lauchst?dt,60,1,8,1,1,9,0
P10,2020 - 2021,Bad Lauchst?dt,63,1,NA,0,1,9,0
P10,2020 - 2021,Bad Lauchst?dt,60,1,8,1,1,9,0
P10,2020 - 2021,Bad Lauchst?dt,168,1,NA,0,2,9,0
P10,2020 - 2021,Bad Lauchst?dt,168,1,NA,0,0,9,0
P10,2020 - 2021,Bad Lauchst?dt,168,1,NA,0,0,9,0
P10,2020 - 2021,Bad Lauchst?dt,168,1,NA,0,0,9,0
P10,2020 - 2021,Bad Lauchst?dt,168,1,NA,0,0,9,0
P10,2020 - 2021,Bad Lauchst?dt,168,1,NA,0,0,9,0
P11,2020 - 2021,Bad Lauchst?dt,76,1,6,1,12,9,0
P11,2020 - 2021,Bad Lauchst?dt,77,1,NA,0,3,9,0
P11,2020 - 2021,Bad Lauchst?dt,130,0,5,0,0,9,1
P11,2020 - 2021,Bad Lauchst?dt,79,1,30,1,17,9,0
P11,2020 - 2021,Bad Lauchst?dt,84,1,4,1,2,9,0
P11,2020 - 2021,Bad Lauchst?dt,84,1,4,1,2,9,0
P11,2020 - 2021,Bad Lauchst?dt,85,1,5,1,0,9,0
P11,2020 - 2021,Bad Lauchst?dt,86,0,3,0,0,9,1
P11,2020 - 2021,Bad Lauchst?dt,86,0,3,0,0,9,1
P11,2020 - 2021,Bad Lauchst?dt,90,1,NA,0,3,9,0
P11,2020 - 2021,Bad Lauchst?dt,90,1,NA,0,2,9,0
P11,2020 - 2021,Bad Lauchst?dt,90,1,NA,0,4,9,0
P11,2020 - 2021,Bad Lauchst?dt,171,1,7,1,0,9,0
P11,2020 - 2021,Bad Lauchst?dt,172,1,5,1,0,9,0
P12,2020 - 2021,Bad Lauchst?dt,94,1,2,1,3,24,0
P12,2020 - 2021,Bad Lauchst?dt,93,1,5,1,3,24,0
P12,2020 - 2021,Bad Lauchst?dt,92,1,4,1,3,24,0
P12,2020 - 2021,Bad Lauchst?dt,92,1,4,1,2,24,0
P12,2020 - 2021,Bad Lauchst?dt,96,1,4,1,0,24,0
P12,2020 - 2021,Bad Lauchst?dt,91,1,NA,0,0,24,0
P12,2020 - 2021,Bad Lauchst?dt,91,1,NA,0,0,24,0
P12,2020 - 2021,Bad Lauchst?dt,97,1,NA,0,3,24,0
P12,2020 - 2021,Bad Lauchst?dt,101,1,NA,0,1,24,0
P12,2020 - 2021,Bad Lauchst?dt,2080,1,4,1,3,24,0
P12,2020 - 2021,Bad Lauchst?dt,100,1,5,1,3,24,0
P12,2020 - 2021,Bad Lauchst?dt,111,1,8,1,1,24,0
P12,2020 - 2021,Bad Lauchst?dt,111,0,8,0,0,24,1
P12,2020 - 2021,Bad Lauchst?dt,109,1,8,1,3,24,0
P12,2020 - 2021,Bad Lauchst?dt,109,1,8,1,3,24,0
P12,2020 - 2021,Bad Lauchst?dt,88,1,NA,0,1,24,0
P12,2020 - 2021,Bad Lauchst?dt,103,1,7,1,0,24,0
P12,2020 - 2021,Bad Lauchst?dt,104,1,NA,0,3,24,0
P12,2020 - 2021,Bad Lauchst?dt,107,1,3,1,1,24,0
P12,2020 - 2021,Bad Lauchst?dt,108,1,5,1,0,24,0
P12,2020 - 2021,Bad Lauchst?dt,98,1,4,1,2,24,0
P12,2020 - 2021,Bad Lauchst?dt,103,0,7,0,0,24,1
P12,2020 - 2021,Bad Lauchst?dt,99,1,11,1,0,24,0
P12,2020 - 2021,Bad Lauchst?dt,117,1,6,1,4,24,0
P12,2020 - 2021,Bad Lauchst?dt,119,1,NA,0,4,24,0
P12,2020 - 2021,Bad Lauchst?dt,118,1,4,1,5,24,0
P12,2020 - 2021,Bad Lauchst?dt,113,1,NA,0,0,24,0
P12,2020 - 2021,Bad Lauchst?dt,98,1,4,1,0,24,0
P12,2020 - 2021,Bad Lauchst?dt,119,1,NA,0,0,24,0
P12,2020 - 2021,Bad Lauchst?dt,100,1,5,1,2,24,0
P12,2020 - 2021,Bad Lauchst?dt,100,1,5,1,3,24,0
P12,2020 - 2021,Bad Lauchst?dt,111,1,8,1,4,24,0
P12,2020 - 2021,Bad Lauchst?dt,109,1,8,1,3,24,0
P12,2020 - 2021,Bad Lauchst?dt,109,1,8,1,1,24,0
P12,2020 - 2021,Bad Lauchst?dt,88,1,NA,0,1,24,0
P12,2020 - 2021,Bad Lauchst?dt,108,1,5,1,0,24,0
P12,2020 - 2021,Bad Lauchst?dt,117,1,6,1,3,24,0
P12,2020 - 2021,Bad Lauchst?dt,118,1,4,1,2,24,0
P12,2020 - 2021,Bad Lauchst?dt,156,1,NA,0,0,24,0
P12,2020 - 2021,Bad Lauchst?dt,157,1,5,1,0,24,0
P12,2020 - 2021,Bad Lauchst?dt,158,1,14,1,2,24,0
P12,2020 - 2021,Bad Lauchst?dt,160,1,8,1,1,24,0
P12,2020 - 2021,Bad Lauchst?dt,160,1,8,1,0,24,0
P12,2020 - 2021,Bad Lauchst?dt,162,1,5,1,0,24,0
P1,2020 - 2021,Bad Lauchst?dt,3397,0,5,0,0,8,1
P10,2020 - 2021,Bad Lauchst?dt,168,0,NA,0,0,19,0
P10,2020 - 2021,Bad Lauchst?dt,168,0,NA,0,0,19,0
P10,2020 - 2021,Bad Lauchst?dt,168,0,NA,0,0,19,0
P10,2020 - 2021,Bad Lauchst?dt,168,0,NA,0,0,19,0
P10,2020 - 2021,Bad Lauchst?dt,168,0,NA,0,0,19,0
P10,2020 - 2021,Bad Lauchst?dt,168,0,NA,0,0,19,0
P10,2020 - 2021,Bad Lauchst?dt,2306,0,6,0,0,19,1
P10,2020 - 2021,Bad Lauchst?dt,2306,0,3,0,0,19,1
P10,2020 - 2021,Bad Lauchst?dt,2306,0,5,0,2,19,1
P10,2020 - 2021,Bad Lauchst?dt,2347,0,4,0,0,19,1
P10,2020 - 2021,Bad Lauchst?dt,2347,0,8,0,1,19,1
P10,2020 - 2021,Bad Lauchst?dt,2347,0,4,0,0,19,1
P10,2020 - 2021,Bad Lauchst?dt,2348,0,7,0,1,19,1
P10,2020 - 2021,Bad Lauchst?dt,2636,0,4,0,0,19,1
P10,2020 - 2021,Bad Lauchst?dt,2645,0,13,0,1,19,1
P10,2020 - 2021,Bad Lauchst?dt,2649,0,4,0,0,19,1
P10,2020 - 2021,Bad Lauchst?dt,2651,0,4,0,1,19,1
P11,2020 - 2021,Bad Lauchst?dt,171,0,7,0,1,27,1
P11,2020 - 2021,Bad Lauchst?dt,172,0,5,0,1,27,1
P11,2020 - 2021,Bad Lauchst?dt,2137,0,4,0,0,27,1
P11,2020 - 2021,Bad Lauchst?dt,2141,0,4,0,0,27,1
P11,2020 - 2021,Bad Lauchst?dt,2503,0,4,0,0,27,1
P12,2020 - 2021,Bad Lauchst?dt,156,0,NA,0,0,16,0
P12,2020 - 2021,Bad Lauchst?dt,157,0,5,0,2,16,1
P12,2020 - 2021,Bad Lauchst?dt,158,0,14,0,1,16,1
P12,2020 - 2021,Bad Lauchst?dt,160,0,5,0,0,16,1
P12,2020 - 2021,Bad Lauchst?dt,160,0,8,0,0,16,1
P12,2020 - 2021,Bad Lauchst?dt,162,0,5,0,0,16,1
P12,2020 - 2021,Bad Lauchst?dt,2142,0,4,0,0,16,1
P12,2020 - 2021,Bad Lauchst?dt,2305,0,5,0,1,16,1
P12,2020 - 2021,Bad Lauchst?dt,2307,0,4,0,0,16,1
P12,2020 - 2021,Bad Lauchst?dt,2346,0,3,0,0,16,1
P12,2020 - 2021,Bad Lauchst?dt,2481,0,4,0,1,16,1
P12,2020 - 2021,Bad Lauchst?dt,2481,0,4,0,0,16,1
P12,2020 - 2021,Bad Lauchst?dt,2481,0,3,0,0,16,1
P12,2020 - 2021,Bad Lauchst?dt,2635,0,4,0,0,16,1
P12,2020 - 2021,Bad Lauchst?dt,2650,0,4,0,0,16,1
P12,2020 - 2021,Bad Lauchst?dt,0,0,4,0,0,16,1
P2,2020 - 2021,Bad Lauchst?dt,3398,0,4,0,0,9,1
P2,2020 - 2021,Bad Lauchst?dt,3399,0,5,0,0,9,1
P2,2020 - 2021,Bad Lauchst?dt,3400,0,4,0,0,9,1
P3,2020 - 2021,Bad Lauchst?dt,3401,0,6,0,0,17,1
P3,2020 - 2021,Bad Lauchst?dt,3402,0,5,0,0,17,1
P3,2020 - 2021,Bad Lauchst?dt,3403,0,4,0,0,17,1
P4,2020 - 2021,Bad Lauchst?dt,142,0,NA,0,0,8,0
P4,2020 - 2021,Bad Lauchst?dt,143,0,NA,0,0,8,0
P4,2020 - 2021,Bad Lauchst?dt,144,0,10,0,0,8,1
P5,2020 - 2021,Bad Lauchst?dt,145,0,5,0,0,7,1
P5,2020 - 2021,Bad Lauchst?dt,3404,0,4,0,0,7,1
P5,2020 - 2021,Bad Lauchst?dt,3405,0,7,0,0,7,1
P5,2020 - 2021,Bad Lauchst?dt,3406,0,4,0,0,7,1
P6,2020 - 2021,Bad Lauchst?dt,146,0,10,0,2,5,1
P7,2020 - 2021,Bad Lauchst?dt,147,0,NA,0,0,8,0
P7,2020 - 2021,Bad Lauchst?dt,148,0,5,0,0,8,1
P7,2020 - 2021,Bad Lauchst?dt,149,0,3,0,0,8,1
P7,2020 - 2021,Bad Lauchst?dt,149,0,4,0,0,8,1
P7,2020 - 2021,Bad Lauchst?dt,149,0,4,0,0,8,1
P8,2020 - 2021,Bad Lauchst?dt,150,0,NA,0,0,13,0
P8,2020 - 2021,Bad Lauchst?dt,151,0,4,0,0,13,1
P8,2020 - 2021,Bad Lauchst?dt,151,0,5,0,1,13,1
P8,2020 - 2021,Bad Lauchst?dt,152,0,4,0,0,13,1
P8,2020 - 2021,Bad Lauchst?dt,153,0,5,0,0,13,1
P8,2020 - 2021,Bad Lauchst?dt,3407,0,4,0,0,13,1
P9,2020 - 2021,Bad Lauchst?dt,154,0,NA,0,0,9,0
P9,2020 - 2021,Bad Lauchst?dt,155,0,NA,0,0,9,0
P9,2020 - 2021,Bad Lauchst?dt,159,0,5,0,1,9,1
P9,2020 - 2021,Bad Lauchst?dt,161,0,5,0,1,9,1
P9,2020 - 2021,Bad Lauchst?dt,161,0,5,0,0,9,1
P9,2020 - 2021,Bad Lauchst?dt,161,0,5,0,0,9,1
P9,2020 - 2021,Bad Lauchst?dt,163,0,3,0,0,9,1
P9,2020 - 2021,Bad Lauchst?dt,165,0,6,0,0,9,1
P9,2020 - 2021,Bad Lauchst?dt,166,0,11,0,3,9,1
P9,2020 - 2021,Bad Lauchst?dt,167,0,4,0,0,9,1
P9,2020 - 2021,Bad Lauchst?dt,2352,0,7,0,2,9,1
P9,2020 - 2021,Bad Lauchst?dt,2353,0,4,0,0,9,1
P9,2020 - 2021,Bad Lauchst?dt,2354,0,6,0,0,9,1
P9,2020 - 2021,Bad Lauchst?dt,2354,0,7,0,0,9,1
P9,2020 - 2021,Bad Lauchst?dt,2354,0,7,0,0,9,1
