climate,management,species,subplot,plot,size_t0,survival,fl_all,new_individual,sl_fall_t0,sl_spring_t0,Seed_count,sl_t0,ind_t0,nr_seeds
ambient,grazing,Tra_ori,5,3_5,5,1,0,0,0,1,61.2173913,1,1,0
ambient,grazing,Tra_ori,5,3_5,NA,0,0,0,0,0,61.2173913,0,0,0
ambient,grazing,Tra_ori,2,3_5,NA,0,0,1,0,0,61.2173913,0,0,0
ambient,grazing,Tra_ori,5,3_5,NA,0,0,0,0,0,61.2173913,0,0,0
ambient,grazing,Tra_ori,5,3_5,NA,0,0,0,0,0,61.2173913,0,0,0
ambient,grazing,Tra_ori,2,3_5,NA,0,0,1,0,0,61.2173913,0,0,0
ambient,grazing,Tra_ori,8,3_5,NA,0,0,0,8,4,61.2173913,12,0,0
ambient,grazing,Tra_ori,8,8_2,NA,0,0,1,0,0,61.2173913,0,0,0
ambient,grazing,Tra_ori,7,5_4,7,1,0,0,0,0,61.2173913,0,1,0
ambient,grazing,Tra_ori,5,3_5,NA,0,0,0,0,0,61.2173913,0,0,0
ambient,grazing,Tra_ori,2,3_5,NA,0,0,0,0,0,61.2173913,0,0,0
ambient,grazing,Tra_ori,5,3_5,10,1,0,0,0,0,61.2173913,0,1,0
ambient,grazing,Tra_ori,7,5_4,9,1,0,0,0,0,61.2173913,0,1,0
ambient,grazing,Tra_ori,4,3_5,4,1,0,0,0,0,61.2173913,0,1,0
ambient,grazing,Tra_ori,8,3_5,NA,0,0,0,0,0,61.2173913,0,0,0
ambient,grazing,Tra_ori,1,10_1,3,1,0,0,0,0,61.2173913,0,1,0
ambient,grazing,Tra_ori,6,5_4,6,1,0,0,1,0,61.2173913,1,1,0
ambient,grazing,Tra_ori,7,8_2,NA,0,0,0,0,0,61.2173913,0,0,0
ambient,grazing,Tra_ori,5,10_1,8,1,0,0,0,0,61.2173913,0,1,0
ambient,grazing,Tra_ori,2,3_5,NA,0,0,0,0,0,61.2173913,0,0,0
ambient,grazing,Tra_ori,3,3_5,NA,0,0,0,0,0,61.2173913,0,0,0
ambient,grazing,Tra_ori,2,3_5,4,0,0,0,0,0,61.2173913,0,1,0
ambient,grazing,Tra_ori,8,3_5,NA,0,0,0,0,0,61.2173913,0,0,0
ambient,grazing,Tra_ori,8,8_2,4,0,0,0,0,0,61.2173913,0,1,0
ambient,grazing,Tra_ori,7,10_1,NA,0,0,0,0,0,61.2173913,0,0,0
ambient,grazing,Tra_ori,8,10_1,NA,0,0,0,0,12,61.2173913,12,0,0
ambient,grazing,Tra_ori,8,3_5,18,1,0,0,8,4,61.2173913,12,1,0
ambient,grazing,Tra_ori,2,3_5,3,0,0,0,0,0,61.2173913,0,1,0
ambient,grazing,Tra_ori,6,10_1,5,0,0,0,0,1,61.2173913,1,1,0
ambient,grazing,Tra_ori,2,3_5,NA,0,0,0,0,0,61.2173913,0,0,0
ambient,grazing,Tra_ori,6,5_4,NA,0,0,1,1,0,61.2173913,1,0,0
ambient,grazing,Tra_ori,2,10_1,8,1,0,0,0,0,61.2173913,0,1,0
ambient,grazing,Tra_ori,3,10_1,NA,0,0,1,0,0,61.2173913,0,0,0
ambient,grazing,Tra_ori,4,10_1,NA,0,0,0,0,0,61.2173913,0,0,0
ambient,grazing,Tra_ori,7,8_2,NA,0,0,0,0,0,61.2173913,0,0,0
ambient,grazing,Tra_ori,7,3_5,NA,0,0,1,0,0,61.2173913,0,0,0
ambient,grazing,Tra_ori,7,8_2,4,0,0,0,0,0,61.2173913,0,1,0
ambient,grazing,Tra_ori,5,3_5,13,1,0,0,0,0,61.2173913,0,1,0
ambient,grazing,Tra_ori,6,5_4,4,1,0,0,1,0,61.2173913,1,1,0
ambient,grazing,Tra_ori,4,10_1,4,1,0,0,0,0,61.2173913,0,1,0
ambient,grazing,Tra_ori,5,10_1,7,1,0,0,0,0,61.2173913,0,1,0
ambient,grazing,Tra_ori,1,10_1,NA,0,0,0,0,0,61.2173913,0,0,0
ambient,grazing,Tra_ori,1,10_1,3,1,0,0,0,0,61.2173913,0,1,0
ambient,grazing,Tra_ori,2,10_1,NA,0,0,0,0,0,61.2173913,0,0,0
ambient,grazing,Tra_ori,8,3_5,NA,0,0,0,0,0,61.2173913,0,0,0
ambient,grazing,Tra_ori,7,10_1,NA,0,0,1,0,0,61.2173913,0,0,0
ambient,grazing,Tra_ori,8,10_1,NA,0,0,0,0,1,61.2173913,1,0,0
ambient,grazing,Tra_ori,8,3_5,NA,0,0,0,0,0,61.2173913,0,0,0
ambient,grazing,Tra_ori,7,3_5,NA,0,0,0,0,0,61.2173913,0,0,0
ambient,grazing,Tra_ori,7,8_2,5,0,0,0,0,0,61.2173913,0,1,0
ambient,grazing,Tra_ori,7,10_1,NA,0,0,0,0,0,61.2173913,0,0,0
ambient,grazing,Tra_ori,5,3_5,NA,0,0,1,0,0,61.2173913,0,0,0
ambient,grazing,Tra_ori,5,3_5,NA,0,0,1,0,0,61.2173913,0,0,0
ambient,grazing,Tra_ori,8,10_1,NA,0,0,0,0,12,61.2173913,12,0,0
ambient,grazing,Tra_ori,2,3_5,4,1,0,0,0,0,61.2173913,0,1,0
ambient,grazing,Tra_ori,7,10_1,27,1,0,0,0,0,61.2173913,0,1,0
ambient,grazing,Tra_ori,7,10_1,8,1,0,0,0,0,61.2173913,0,1,0
ambient,grazing,Tra_ori,7,10_1,NA,0,0,1,0,0,61.2173913,0,0,0
ambient,grazing,Tra_ori,5,8_2,NA,0,0,0,0,0,61.2173913,0,0,0
ambient,grazing,Tra_ori,6,8_2,NA,0,0,0,0,0,61.2173913,0,0,0
ambient,grazing,Tra_ori,8,10_1,NA,0,0,0,0,1,61.2173913,1,0,0
ambient,grazing,Tra_ori,7,3_5,NA,0,0,0,0,0,61.2173913,0,0,0
ambient,grazing,Tra_ori,7,3_5,5,1,0,0,0,0,61.2173913,0,1,0
ambient,grazing,Tra_ori,8,3_5,9,1,0,0,0,0,61.2173913,0,1,0
ambient,grazing,Tra_ori,2,3_5,NA,0,0,0,0,0,61.2173913,0,0,0
ambient,grazing,Tra_ori,2,3_5,NA,0,0,0,0,0,61.2173913,0,0,0
ambient,grazing,Tra_ori,2,3_5,7,1,0,0,0,0,61.2173913,0,1,0
ambient,grazing,Tra_ori,6,10_1,NA,0,0,0,0,0,61.2173913,0,0,0
ambient,grazing,Tra_ori,2,3_5,NA,0,0,1,0,0,61.2173913,0,0,0
ambient,grazing,Tra_ori,6,10_1,NA,0,0,0,0,1,61.2173913,1,0,0
ambient,grazing,Tra_ori,6,3_5,9,1,0,0,0,0,61.2173913,0,1,0
ambient,grazing,Tra_ori,5,3_5,4,1,0,0,0,0,61.2173913,0,1,0
ambient,grazing,Tra_ori,5,3_5,NA,0,0,0,0,0,61.2173913,0,0,0
ambient,grazing,Tra_ori,7,3_5,NA,0,0,0,0,0,61.2173913,0,0,0
ambient,grazing,Tra_ori,5,3_5,NA,0,0,0,0,0,61.2173913,0,0,0
ambient,grazing,Tra_ori,3,3_5,NA,0,0,0,0,0,61.2173913,0,0,0
ambient,grazing,Tra_ori,3,3_5,NA,0,5,0,0,0,61.2173913,0,0,306.0869565
ambient,grazing,Tra_ori,4,3_5,3,1,0,0,0,0,61.2173913,0,1,0
ambient,grazing,Tra_ori,3,10_1,10,1,0,0,0,0,61.2173913,0,1,0
ambient,grazing,Tra_ori,7,3_5,10,0,2,0,0,0,61.2173913,0,1,122.4347826
ambient,grazing,Tra_ori,7,3_5,5,1,0,0,0,0,61.2173913,0,1,0
ambient,grazing,Tra_ori,7,10_1,NA,0,0,0,0,0,61.2173913,0,0,0
ambient,grazing,Tra_ori,8,3_5,10,1,0,0,0,1,61.2173913,1,1,0
ambient,grazing,Tra_ori,8,3_5,11,1,0,0,0,1,61.2173913,1,1,0
ambient,grazing,Tra_ori,8,3_5,5,1,0,0,0,8,61.2173913,8,1,0
ambient,grazing,Tra_ori,6,3_5,4,1,0,0,0,0,61.2173913,0,1,0
ambient,grazing,Tra_ori,5,3_5,NA,0,0,0,0,0,61.2173913,0,0,0
ambient,grazing,Tra_ori,7,3_5,11,1,0,0,0,0,61.2173913,0,1,0
ambient,grazing,Tra_ori,7,3_5,NA,0,0,0,0,0,61.2173913,0,0,0
ambient,grazing,Tra_ori,6,8_2,NA,0,0,0,0,0,61.2173913,0,0,0
ambient,grazing,Tra_ori,5,3_5,14,1,0,0,0,3,61.2173913,3,1,0
ambient,grazing,Tra_ori,2,3_5,4,1,0,0,0,0,61.2173913,0,1,0
ambient,grazing,Tra_ori,2,3_5,4,1,0,0,0,0,61.2173913,0,1,0
ambient,grazing,Tra_ori,5,3_5,NA,0,0,0,0,0,61.2173913,0,0,0
ambient,grazing,Tra_ori,7,3_5,NA,0,0,0,0,0,61.2173913,0,0,0
ambient,grazing,Tra_ori,7,3_5,NA,0,0,0,0,0,61.2173913,0,0,0
ambient,grazing,Tra_ori,7,3_5,NA,0,0,0,0,0,61.2173913,0,0,0
ambient,grazing,Tra_ori,8,3_5,NA,0,0,1,0,0,61.2173913,0,0,0
ambient,grazing,Tra_ori,4,3_5,3,0,0,0,0,0,61.2173913,0,1,0
ambient,grazing,Tra_ori,5,3_5,4,0,0,0,0,0,61.2173913,0,1,0
ambient,grazing,Tra_ori,5,3_5,6,1,0,0,0,0,61.2173913,0,1,0
ambient,grazing,Tra_ori,5,3_5,8,1,0,0,0,0,61.2173913,0,1,0
ambient,grazing,Tra_ori,5,3_5,4,1,0,0,0,0,61.2173913,0,1,0
ambient,grazing,Tra_ori,5,3_5,NA,0,0,1,0,0,61.2173913,0,0,0
ambient,grazing,Tra_ori,5,3_5,NA,0,0,1,0,0,61.2173913,0,0,0
ambient,grazing,Tra_ori,6,3_5,8,1,0,0,0,0,61.2173913,0,1,0
ambient,grazing,Tra_ori,6,3_5,4,0,0,0,0,0,61.2173913,0,1,0
ambient,grazing,Tra_ori,6,3_5,6,0,0,0,0,0,61.2173913,0,1,0
ambient,grazing,Tra_ori,2,3_5,4,0,0,0,0,0,61.2173913,0,1,0
ambient,grazing,Tra_ori,7,3_5,NA,0,0,0,0,0,61.2173913,0,0,0
ambient,grazing,Tra_ori,7,3_5,NA,0,0,0,0,0,61.2173913,0,0,0
ambient,grazing,Tra_ori,7,3_5,NA,0,0,0,0,0,61.2173913,0,0,0
ambient,grazing,Tra_ori,7,3_5,5,0,0,0,0,0,61.2173913,0,1,0
ambient,grazing,Tra_ori,8,3_5,16,0,0,0,0,1,61.2173913,1,1,0
ambient,grazing,Tra_ori,2,10_1,NA,0,0,0,0,0,61.2173913,0,0,0
ambient,grazing,Tra_ori,2,10_1,9,1,0,0,0,0,61.2173913,0,1,0
ambient,grazing,Tra_ori,2,10_1,6,1,0,0,0,0,61.2173913,0,1,0
ambient,grazing,Tra_ori,6,3_5,NA,0,0,1,0,0,61.2173913,0,0,0
ambient,grazing,Tra_ori,6,3_5,NA,0,0,0,0,0,61.2173913,0,0,0
ambient,grazing,Tra_ori,8,3_5,6,1,0,0,0,1,61.2173913,1,1,0
ambient,grazing,Tra_ori,8,3_5,3,1,0,0,0,1,61.2173913,1,1,0
ambient,grazing,Tra_ori,1,8_2,4,0,0,0,0,0,61.2173913,0,1,0
ambient,grazing,Tra_ori,1,8_2,5,0,0,0,0,0,61.2173913,0,1,0
ambient,grazing,Tra_ori,2,8_2,5,0,0,0,2,0,61.2173913,2,1,0
ambient,grazing,Tra_ori,2,8_2,3,0,0,0,2,0,61.2173913,2,1,0
ambient,grazing,Tra_ori,8,3_5,6,0,0,0,0,0,61.2173913,0,1,0
ambient,grazing,Tra_ori,6,3_5,NA,0,0,1,0,0,61.2173913,0,0,0
ambient,grazing,Tra_ori,7,3_5,NA,0,0,0,0,0,61.2173913,0,0,0
ambient,grazing,Tra_ori,5,8_2,3,0,0,0,0,0,61.2173913,0,1,0
ambient,grazing,Tra_ori,5,3_5,18,1,1,0,0,3,61.2173913,3,1,61.2173913
ambient,grazing,Tra_ori,7,10_1,NA,0,0,0,0,0,61.2173913,0,0,0
ambient,grazing,Tra_ori,6,5_4,5,0,0,0,0,3,61.2173913,3,1,0
ambient,grazing,Tra_ori,6,5_4,4,0,0,0,0,3,61.2173913,3,1,0
ambient,grazing,Tra_ori,7,5_4,21,1,0,0,0,1,61.2173913,1,1,0
ambient,grazing,Tra_ori,7,5_4,9,1,0,0,0,1,61.2173913,1,1,0
ambient,grazing,Tra_ori,8,10_1,NA,0,0,0,0,12,61.2173913,12,0,0
ambient,grazing,Tra_ori,8,3_5,4,1,0,0,8,4,61.2173913,12,1,0
ambient,grazing,Tra_ori,8,3_5,4,1,0,0,8,4,61.2173913,12,1,0
ambient,grazing,Tra_ori,8,3_5,5,1,0,0,8,4,61.2173913,12,1,0
ambient,grazing,Tra_ori,8,3_5,4,1,0,0,8,4,61.2173913,12,1,0
ambient,grazing,Tra_ori,8,3_5,4,1,0,0,8,4,61.2173913,12,1,0
ambient,grazing,Tra_ori,8,3_5,5,1,0,0,8,4,61.2173913,12,1,0
ambient,grazing,Tra_ori,5,10_1,5,1,0,0,1,0,61.2173913,1,1,0
ambient,grazing,Tra_ori,5,10_1,NA,0,0,1,1,0,61.2173913,1,0,0
ambient,grazing,Tra_ori,6,10_1,4,1,0,0,1,0,61.2173913,1,1,0
ambient,grazing,Tra_ori,6,10_1,4,1,0,0,1,0,61.2173913,1,1,0
ambient,grazing,Tra_ori,6,10_1,3,1,0,0,1,0,61.2173913,1,1,0
ambient,grazing,Tra_ori,6,10_1,3,0,0,0,1,0,61.2173913,1,1,0
ambient,grazing,Tra_ori,5,5_4,4,1,0,0,0,0,61.2173913,0,1,0
ambient,grazing,Tra_ori,5,5_4,3,1,0,0,0,0,61.2173913,0,1,0
ambient,grazing,Tra_ori,5,5_4,NA,0,0,0,0,0,61.2173913,0,0,0
ambient,grazing,Tra_ori,6,5_4,3,1,0,0,0,0,61.2173913,0,1,0
ambient,grazing,Tra_ori,6,5_4,6,1,0,0,0,0,61.2173913,0,1,0
ambient,grazing,Tra_ori,6,5_4,NA,0,0,0,0,0,61.2173913,0,0,0
ambient,grazing,Tra_ori,7,5_4,5,1,0,0,0,0,61.2173913,0,1,0
ambient,grazing,Tra_ori,7,5_4,4,1,0,0,0,0,61.2173913,0,1,0
ambient,grazing,Tra_ori,8,10_1,NA,0,0,0,0,0,61.2173913,0,0,0
ambient,grazing,Tra_ori,2,10_1,4,1,0,0,0,0,61.2173913,0,1,0
ambient,grazing,Tra_ori,3,10_1,NA,0,0,0,0,0,61.2173913,0,0,0
ambient,grazing,Tra_ori,2,3_5,NA,0,0,0,0,0,61.2173913,0,0,0
ambient,grazing,Tra_ori,2,3_5,NA,0,0,0,0,0,61.2173913,0,0,0
ambient,grazing,Tra_ori,2,3_5,4,1,0,0,0,0,61.2173913,0,1,0
ambient,grazing,Tra_ori,7,8_2,NA,0,0,0,0,0,61.2173913,0,0,0
ambient,grazing,Tra_ori,8,8_2,10,1,0,0,0,0,61.2173913,0,1,0
ambient,grazing,Tra_ori,2,3_5,NA,0,0,1,0,0,61.2173913,0,0,0
ambient,grazing,Tra_ori,6,10_1,4,0,0,0,0,1,61.2173913,1,1,0
ambient,grazing,Tra_ori,6,10_1,NA,0,0,0,0,1,61.2173913,1,0,0
ambient,grazing,Tra_ori,6,10_1,NA,0,0,1,0,0,61.2173913,0,0,0
ambient,grazing,Tra_ori,7,10_1,NA,0,0,0,0,0,61.2173913,0,0,0
ambient,grazing,Tra_ori,7,10_1,NA,0,0,0,0,0,61.2173913,0,0,0
ambient,grazing,Tra_ori,1,3_5,4,1,0,0,1,0,61.2173913,1,1,0
ambient,grazing,Tra_ori,1,8_2,NA,0,0,0,0,0,61.2173913,0,0,0
ambient,grazing,Tra_ori,1,8_2,NA,0,0,0,0,0,61.2173913,0,0,0
ambient,grazing,Tra_ori,2,8_2,NA,0,0,0,0,0,61.2173913,0,0,0
ambient,grazing,Tra_ori,2,8_2,NA,0,0,0,0,0,61.2173913,0,0,0
ambient,grazing,Tra_ori,5,3_5,NA,0,0,0,0,0,61.2173913,0,0,0
ambient,grazing,Tra_ori,6,3_5,9,1,0,0,0,1,61.2173913,1,1,0
ambient,grazing,Tra_ori,6,3_5,6,1,0,0,1,1,61.2173913,2,1,0
ambient,grazing,Tra_ori,6,3_5,4,1,0,0,0,0,61.2173913,0,1,0
ambient,grazing,Tra_ori,7,3_5,NA,0,0,0,0,0,61.2173913,0,0,0
ambient,grazing,Tra_ori,7,3_5,20,0,0,0,0,0,61.2173913,0,1,0
ambient,grazing,Tra_ori,6,5_4,NA,0,0,0,0,0,61.2173913,0,0,0
ambient,grazing,Tra_ori,6,5_4,NA,0,0,0,0,0,61.2173913,0,0,0
ambient,grazing,Tra_ori,7,5_4,6,0,0,0,0,0,61.2173913,0,1,0
ambient,grazing,Tra_ori,7,5_4,9,0,0,0,0,0,61.2173913,0,1,0
ambient,grazing,Tra_ori,8,3_5,NA,0,0,0,0,0,61.2173913,0,0,0
ambient,grazing,Tra_ori,8,3_5,7,1,0,0,0,0,61.2173913,0,1,0
ambient,grazing,Tra_ori,8,3_5,4,1,0,0,0,1,61.2173913,1,1,0
ambient,grazing,Tra_ori,8,3_5,6,1,0,0,0,1,61.2173913,1,1,0
ambient,grazing,Tra_ori,8,3_5,6,1,0,0,0,1,61.2173913,1,1,0
ambient,grazing,Tra_ori,1,1_3,23,0,0,0,0,0,61.2173913,0,1,0
ambient,grazing,Tra_ori,1,1_3,4,0,0,0,0,0,61.2173913,0,1,0
ambient,grazing,Tra_ori,2,1_3,6,1,0,0,0,0,61.2173913,0,1,0
ambient,grazing,Tra_ori,2,1_3,3,1,0,0,0,0,61.2173913,0,1,0
ambient,grazing,Tra_ori,2,1_3,3,1,0,0,0,0,61.2173913,0,1,0
ambient,grazing,Tra_ori,3,1_3,7,0,0,0,0,0,61.2173913,0,1,0
ambient,grazing,Tra_ori,5,3_5,NA,0,0,0,0,0,61.2173913,0,0,0
ambient,grazing,Tra_ori,6,3_5,4,1,0,0,0,0,61.2173913,0,1,0
ambient,grazing,Tra_ori,5,5_4,8,1,0,0,2,0,61.2173913,2,1,0
ambient,grazing,Tra_ori,5,5_4,4,1,0,0,2,0,61.2173913,2,1,0
ambient,grazing,Tra_ori,5,5_4,NA,0,0,0,0,0,61.2173913,0,0,0
ambient,grazing,Tra_ori,8,3_5,NA,0,0,1,0,0,61.2173913,0,0,0
ambient,grazing,Tra_ori,8,3_5,NA,0,0,0,0,0,61.2173913,0,0,0
ambient,grazing,Tra_ori,8,3_5,NA,0,0,0,0,0,61.2173913,0,0,0
ambient,grazing,Tra_ori,1,3_5,NA,0,0,1,0,0,61.2173913,0,0,0
ambient,grazing,Tra_ori,2,3_5,NA,0,0,0,0,0,61.2173913,0,0,0
ambient,grazing,Tra_ori,2,3_5,NA,0,0,0,0,0,61.2173913,0,0,0
ambient,grazing,Tra_ori,2,3_5,4,1,0,0,0,0,61.2173913,0,1,0
ambient,grazing,Tra_ori,2,3_5,NA,0,0,0,0,0,61.2173913,0,0,0
ambient,grazing,Tra_ori,2,3_5,NA,0,0,0,0,0,61.2173913,0,0,0
ambient,grazing,Tra_ori,2,3_5,NA,0,0,0,0,0,61.2173913,0,0,0
ambient,grazing,Tra_ori,2,3_5,3,0,0,0,0,0,61.2173913,0,1,0
ambient,grazing,Tra_ori,3,10_1,NA,0,0,0,0,0,61.2173913,0,0,0
ambient,grazing,Tra_ori,4,10_1,NA,0,0,0,0,0,61.2173913,0,0,0
ambient,grazing,Tra_ori,2,3_5,3,1,0,0,0,0,61.2173913,0,1,0
ambient,grazing,Tra_ori,2,3_5,NA,0,0,1,0,0,61.2173913,0,0,0
ambient,grazing,Tra_ori,3,3_5,NA,0,0,0,0,0,61.2173913,0,0,0
ambient,grazing,Tra_ori,3,3_5,NA,0,0,0,0,0,61.2173913,0,0,0
ambient,grazing,Tra_ori,3,3_5,NA,0,0,0,0,0,61.2173913,0,0,0
ambient,grazing,Tra_ori,6,10_1,NA,0,0,1,0,0,61.2173913,0,0,0
ambient,grazing,Tra_ori,6,10_1,NA,0,0,0,0,0,61.2173913,0,0,0
ambient,grazing,Tra_ori,7,10_1,4,0,0,0,0,0,61.2173913,0,1,0
ambient,grazing,Tra_ori,7,10_1,10,1,0,0,0,0,61.2173913,0,1,0
ambient,grazing,Tra_ori,7,10_1,3,1,0,0,0,0,61.2173913,0,1,0
ambient,grazing,Tra_ori,7,10_1,NA,0,0,0,0,0,61.2173913,0,0,0
ambient,grazing,Tra_ori,7,10_1,NA,0,0,0,0,0,61.2173913,0,0,0
ambient,grazing,Tra_ori,8,10_1,2,0,0,0,0,0,61.2173913,0,1,0
ambient,grazing,Tra_ori,8,10_1,4,0,0,0,0,0,61.2173913,0,1,0
ambient,grazing,Tra_ori,8,10_1,NA,0,0,0,0,0,61.2173913,0,0,0
ambient,grazing,Tra_ori,7,3_5,NA,0,0,0,0,0,61.2173913,0,0,0
ambient,grazing,Tra_ori,5,8_2,NA,0,0,0,0,0,61.2173913,0,0,0
ambient,grazing,Tra_ori,6,8_2,NA,0,0,0,0,1,61.2173913,1,0,0
ambient,grazing,Tra_ori,7,8_2,NA,0,0,0,0,0,61.2173913,0,0,0
ambient,grazing,Tra_ori,7,8_2,NA,0,0,0,0,0,61.2173913,0,0,0
ambient,grazing,Tra_ori,8,8_2,6,1,0,0,0,0,61.2173913,0,1,0
ambient,grazing,Tra_ori,8,3_5,NA,0,0,0,0,1,61.2173913,1,0,0
ambient,grazing,Tra_ori,8,3_5,5,0,0,0,0,1,61.2173913,1,1,0
ambient,grazing,Tra_ori,8,3_5,4,1,0,0,0,1,61.2173913,1,1,0
ambient,grazing,Tra_ori,8,3_5,4,0,0,0,0,1,61.2173913,1,1,0
ambient,grazing,Tra_ori,8,3_5,5,0,0,0,0,1,61.2173913,1,1,0
ambient,grazing,Tra_ori,1,1_3,NA,0,0,0,0,0,61.2173913,0,0,0
ambient,grazing,Tra_ori,1,1_3,NA,0,0,0,0,0,61.2173913,0,0,0
ambient,grazing,Tra_ori,2,1_3,6,1,0,0,0,0,61.2173913,0,1,0
ambient,grazing,Tra_ori,2,1_3,9,0,0,0,0,0,61.2173913,0,1,0
ambient,grazing,Tra_ori,2,1_3,2,0,0,0,0,0,61.2173913,0,1,0
ambient,grazing,Tra_ori,3,1_3,NA,0,0,0,0,0,61.2173913,0,0,0
ambient,grazing,Tra_ori,2,8_2,NA,0,0,1,2,0,61.2173913,2,0,0
ambient,grazing,Tra_ori,2,8_2,NA,0,0,1,2,0,61.2173913,2,0,0
ambient,grazing,Tra_ori,3,8_2,4,0,0,0,0,0,61.2173913,0,1,0
ambient,grazing,Tra_ori,3,8_2,4,0,0,0,0,0,61.2173913,0,1,0
ambient,grazing,Tra_ori,5,8_2,5,0,0,0,0,0,61.2173913,0,1,0
ambient,grazing,Tra_ori,6,5_4,6,0,0,0,0,3,61.2173913,3,1,0
ambient,grazing,Tra_ori,1,10_1,NA,0,0,0,0,0,61.2173913,0,0,0
ambient,grazing,Tra_ori,1,10_1,5,1,0,0,0,0,61.2173913,0,1,0
ambient,grazing,Tra_ori,1,10_1,NA,0,0,1,0,0,61.2173913,0,0,0
ambient,grazing,Tra_ori,2,10_1,NA,0,0,0,0,0,61.2173913,0,0,0
ambient,grazing,Tra_ori,2,10_1,5,1,0,0,0,0,61.2173913,0,1,0
ambient,grazing,Tra_ori,2,10_1,9,0,0,0,0,0,61.2173913,0,1,0
ambient,grazing,Tra_ori,2,10_1,3,1,0,0,0,0,61.2173913,0,1,0
ambient,grazing,Tra_ori,2,10_1,8,1,0,0,0,0,61.2173913,0,1,0
ambient,grazing,Tra_ori,2,10_1,NA,0,0,0,0,0,61.2173913,0,0,0
ambient,grazing,Tra_ori,3,10_1,10,0,0,0,0,0,61.2173913,0,1,0
ambient,grazing,Tra_ori,2,3_5,NA,0,0,1,1,0,61.2173913,1,0,0
ambient,grazing,Tra_ori,2,3_5,NA,0,0,1,1,0,61.2173913,1,0,0
ambient,grazing,Tra_ori,1,5_4,3,1,0,0,0,0,61.2173913,0,1,0
ambient,grazing,Tra_ori,1,5_4,NA,0,0,0,0,0,61.2173913,0,0,0
ambient,grazing,Tra_ori,2,5_4,3,1,0,0,1,0,61.2173913,1,1,0
ambient,grazing,Tra_ori,2,5_4,NA,0,0,0,0,0,61.2173913,0,0,0
ambient,grazing,Tra_ori,5,5_4,4,1,0,0,0,0,61.2173913,0,1,0
ambient,grazing,Tra_ori,5,5_4,3,1,0,0,0,0,61.2173913,0,1,0
ambient,grazing,Tra_ori,8,3_5,5,1,0,0,8,4,61.2173913,12,1,0
ambient,grazing,Tra_ori,1,8_2,NA,0,0,0,0,0,61.2173913,0,0,0
ambient,grazing,Tra_ori,1,8_2,NA,0,0,0,0,0,61.2173913,0,0,0
ambient,grazing,Tra_ori,2,8_2,NA,0,0,0,0,0,61.2173913,0,0,0
ambient,grazing,Tra_ori,2,8_2,NA,0,0,0,0,0,61.2173913,0,0,0
ambient,grazing,Tra_ori,2,8_2,NA,0,0,0,0,0,61.2173913,0,0,0
ambient,grazing,Tra_ori,2,8_2,NA,0,0,0,0,0,61.2173913,0,0,0
ambient,grazing,Tra_ori,3,8_2,NA,0,0,0,0,0,61.2173913,0,0,0
ambient,grazing,Tra_ori,3,8_2,NA,0,0,0,0,0,61.2173913,0,0,0
ambient,grazing,Tra_ori,5,8_2,NA,0,0,0,0,0,61.2173913,0,0,0
ambient,grazing,Tra_ori,5,8_2,NA,0,0,0,0,0,61.2173913,0,0,0
ambient,grazing,Tra_ori,6,8_2,NA,0,0,0,0,0,61.2173913,0,0,0
ambient,grazing,Tra_ori,7,8_2,NA,0,0,0,0,0,61.2173913,0,0,0
ambient,grazing,Tra_ori,7,10_1,13,0,0,0,0,0,61.2173913,0,1,0
ambient,grazing,Tra_ori,7,10_1,5,0,0,0,0,0,61.2173913,0,1,0
ambient,grazing,Tra_ori,7,10_1,5,0,0,0,0,0,61.2173913,0,1,0
ambient,grazing,Tra_ori,2,3_5,NA,0,0,0,0,0,61.2173913,0,0,0
ambient,grazing,Tra_ori,3,3_5,NA,0,0,0,0,0,61.2173913,0,0,0
ambient,grazing,Tra_ori,3,3_5,NA,0,0,0,0,0,61.2173913,0,0,0
ambient,grazing,Tra_ori,3,3_5,NA,0,0,0,0,0,61.2173913,0,0,0
ambient,grazing,Tra_ori,4,3_5,2,1,0,0,0,0,61.2173913,0,1,0
ambient,grazing,Tra_ori,1,1_3,NA,0,0,0,0,0,61.2173913,0,0,0
ambient,grazing,Tra_ori,1,3_5,4,0,0,0,1,0,61.2173913,1,1,0
ambient,grazing,Tra_ori,1,3_5,NA,0,0,1,1,0,61.2173913,1,0,0
ambient,grazing,Tra_ori,1,3_5,NA,0,0,1,1,0,61.2173913,1,0,0
ambient,grazing,Tra_ori,1,3_5,NA,0,0,1,1,0,61.2173913,1,0,0
ambient,grazing,Tra_ori,2,8_2,4,0,0,0,0,0,61.2173913,0,1,0
ambient,grazing,Tra_ori,2,8_2,3,0,0,0,0,0,61.2173913,0,1,0
ambient,grazing,Tra_ori,3,8_2,NA,0,0,0,0,1,61.2173913,1,0,0
ambient,grazing,Tra_ori,3,8_2,NA,0,0,0,0,1,61.2173913,1,0,0
ambient,grazing,Tra_ori,5,8_2,NA,0,0,0,0,0,61.2173913,0,0,0
ambient,grazing,Tra_ori,6,5_4,NA,0,0,0,0,0,61.2173913,0,0,0
ambient,grazing,Tra_ori,1,3_5,NA,0,0,0,0,0,61.2173913,0,0,0
ambient,grazing,Tra_ori,1,3_5,6,1,0,0,0,0,61.2173913,0,1,0
ambient,grazing,Tra_ori,2,3_5,NA,0,0,0,0,0,61.2173913,0,0,0
ambient,grazing,Tra_ori,2,3_5,NA,0,0,0,0,0,61.2173913,0,0,0
ambient,grazing,Tra_ori,2,3_5,NA,0,0,0,0,0,61.2173913,0,0,0
ambient,grazing,Tra_ori,2,3_5,NA,0,0,0,0,0,61.2173913,0,0,0
ambient,grazing,Tra_ori,2,3_5,NA,0,0,0,0,0,61.2173913,0,0,0
ambient,grazing,Tra_ori,3,3_5,NA,0,0,0,0,0,61.2173913,0,0,0
ambient,grazing,Tra_ori,3,3_5,4,0,0,0,0,0,61.2173913,0,1,0
ambient,grazing,Tra_ori,3,3_5,NA,0,0,0,0,0,61.2173913,0,0,0
ambient,grazing,Tra_ori,3,10_1,5,1,0,0,0,0,61.2173913,0,1,0
ambient,grazing,Tra_ori,4,10_1,NA,0,0,1,0,0,61.2173913,0,0,0
ambient,grazing,Tra_ori,5,10_1,6,1,0,0,0,0,61.2173913,0,1,0
ambient,grazing,Tra_ori,5,10_1,5,1,0,0,0,0,61.2173913,0,1,0
ambient,grazing,Tra_ori,6,10_1,5,1,0,0,0,1,61.2173913,1,1,0
ambient,grazing,Tra_ori,6,10_1,10,0,0,0,0,1,61.2173913,1,1,0
ambient,grazing,Tra_ori,6,10_1,3,1,0,0,0,1,61.2173913,1,1,0
ambient,grazing,Tra_ori,6,10_1,NA,0,0,0,0,1,61.2173913,1,0,0
ambient,grazing,Tra_ori,6,10_1,NA,0,0,0,0,0,61.2173913,0,0,0
ambient,grazing,Tra_ori,7,10_1,NA,0,0,0,0,0,61.2173913,0,0,0
ambient,grazing,Tra_ori,7,10_1,9,0,0,0,0,0,61.2173913,0,1,0
ambient,grazing,Tra_ori,8,3_5,5,0,0,0,0,0,61.2173913,0,1,0
ambient,grazing,Tra_ori,1,5_4,NA,0,0,0,0,0,61.2173913,0,0,0
ambient,grazing,Tra_ori,1,5_4,8,1,0,0,0,0,61.2173913,0,1,0
ambient,grazing,Tra_ori,8,10_1,NA,0,0,0,0,0,61.2173913,0,0,0
ambient,grazing,Tra_ori,8,10_1,NA,0,0,0,0,0,61.2173913,0,0,0
ambient,grazing,Tra_ori,8,10_1,NA,0,0,0,0,2,61.2173913,2,0,0
ambient,grazing,Tra_ori,8,3_5,5,1,0,0,0,0,61.2173913,0,1,0
ambient,grazing,Tra_ori,8,3_5,NA,0,0,1,0,0,61.2173913,0,0,0
ambient,grazing,Tra_ori,8,3_5,NA,0,0,1,0,0,61.2173913,0,0,0
ambient,grazing,Tra_ori,8,3_5,NA,0,0,1,0,0,61.2173913,0,0,0
ambient,grazing,Tra_ori,8,3_5,NA,0,0,1,0,0,61.2173913,0,0,0
ambient,grazing,Tra_ori,8,3_5,NA,0,0,1,0,0,61.2173913,0,0,0
ambient,grazing,Tra_ori,5,10_1,NA,0,0,1,0,0,61.2173913,0,0,0
ambient,grazing,Tra_ori,5,10_1,NA,0,0,0,0,0,61.2173913,0,0,0
ambient,grazing,Tra_ori,6,10_1,NA,0,0,1,0,0,61.2173913,0,0,0
ambient,grazing,Tra_ori,6,10_1,NA,0,0,1,0,0,61.2173913,0,0,0
ambient,grazing,Tra_ori,6,10_1,NA,0,0,1,0,0,61.2173913,0,0,0
ambient,grazing,Tra_ori,8,3_5,NA,0,0,1,0,0,61.2173913,0,0,0
ambient,grazing,Tra_ori,1,3_5,10,0,0,0,0,0,61.2173913,0,1,0
ambient,grazing,Tra_ori,5,5_4,3,0,0,0,0,0,61.2173913,0,1,0
ambient,grazing,Tra_ori,2,3_5,NA,0,0,1,1,0,61.2173913,1,0,0
ambient,grazing,Tra_ori,1,3_5,6,1,0,0,0,0,61.2173913,0,1,0
ambient,grazing,Tra_ori,1,3_5,2,0,0,0,0,0,61.2173913,0,1,0
ambient,grazing,Tra_ori,8,3_5,NA,0,0,0,0,0,61.2173913,0,0,0
ambient,grazing,Tra_ori,1,3_5,NA,0,0,0,0,0,61.2173913,0,0,0
ambient,grazing,Tra_ori,6,1_3,4,0,0,0,0,0,61.2173913,0,1,0
ambient,grazing,Tra_ori,7,1_3,NA,0,0,0,0,0,61.2173913,0,0,0
ambient,grazing,Tra_ori,8,1_3,NA,0,0,0,0,0,61.2173913,0,0,0
ambient,grazing,Tra_ori,8,1_3,NA,0,0,0,0,0,61.2173913,0,0,0
ambient,grazing,Tra_ori,8,3_5,NA,0,0,1,7,0,61.2173913,7,0,0
ambient,grazing,Tra_ori,8,3_5,NA,0,0,1,8,0,61.2173913,8,0,0
ambient,grazing,Tra_ori,8,3_5,NA,0,0,0,0,0,61.2173913,0,0,0
ambient,grazing,Tra_ori,8,3_5,NA,0,0,0,0,0,61.2173913,0,0,0
ambient,grazing,Tra_ori,8,3_5,NA,0,0,0,0,0,61.2173913,0,0,0
ambient,grazing,Tra_ori,1,3_5,NA,0,0,0,0,0,61.2173913,0,0,0
ambient,grazing,Tra_ori,2,3_5,NA,0,0,0,0,0,61.2173913,0,0,0
ambient,grazing,Tra_ori,2,3_5,NA,0,0,0,0,0,61.2173913,0,0,0
ambient,grazing,Tra_ori,2,3_5,7,1,0,0,0,0,61.2173913,0,1,0
ambient,grazing,Tra_ori,2,3_5,NA,0,0,0,0,0,61.2173913,0,0,0
ambient,grazing,Tra_ori,8,3_5,17,1,2,0,0,0,61.2173913,0,1,122.4347826
ambient,grazing,Tra_ori,7,1_3,NA,0,0,0,0,0,61.2173913,0,0,0
ambient,grazing,Tra_ori,1,3_5,10,0,0,0,0,0,61.2173913,0,1,0
ambient,grazing,Tra_ori,1,3_5,4,0,0,0,0,0,61.2173913,0,1,0
ambient,grazing,Tra_ori,2,5_4,4,1,0,0,0,0,61.2173913,0,1,0
ambient,grazing,Tra_ori,2,5_4,4,1,0,0,0,0,61.2173913,0,1,0
ambient,grazing,Tra_ori,5,5_4,9,1,0,0,0,0,61.2173913,0,1,0
ambient,grazing,Tra_ori,5,5_4,4,0,0,0,0,0,61.2173913,0,1,0
ambient,grazing,Tra_ori,5,5_4,8,1,0,0,0,0,61.2173913,0,1,0
ambient,grazing,Tra_ori,5,5_4,5,1,0,0,0,0,61.2173913,0,1,0
ambient,grazing,Tra_ori,5,5_4,NA,0,0,1,0,0,61.2173913,0,0,0
ambient,grazing,Tra_ori,8,3_5,4,1,0,0,0,0,61.2173913,0,1,0
ambient,grazing,Tra_ori,8,3_5,NA,0,0,1,0,0,61.2173913,0,0,0
ambient,grazing,Tra_ori,8,3_5,NA,0,0,1,0,0,61.2173913,0,0,0
ambient,grazing,Tra_ori,2,5_4,7,0,0,0,0,0,61.2173913,0,1,0
ambient,grazing,Tra_ori,2,5_4,6,0,0,0,0,0,61.2173913,0,1,0
ambient,grazing,Tra_ori,5,5_4,4,0,0,0,0,0,61.2173913,0,1,0
ambient,grazing,Tra_ori,5,5_4,NA,0,0,0,0,0,61.2173913,0,0,0
ambient,grazing,Tra_ori,5,5_4,3,0,0,0,0,0,61.2173913,0,1,0
ambient,grazing,Tra_ori,5,5_4,5,0,0,0,0,0,61.2173913,0,1,0
ambient,grazing,Tra_ori,1,1_3,NA,0,0,0,0,0,61.2173913,0,0,0
ambient,grazing,Tra_ori,1,1_3,NA,0,0,0,0,0,61.2173913,0,0,0
ambient,grazing,Tra_ori,1,10_1,NA,0,0,0,0,0,61.2173913,0,0,0
ambient,grazing,Tra_ori,1,10_1,12,1,0,0,0,0,61.2173913,0,1,0
ambient,grazing,Tra_ori,8,3_5,4,1,0,0,8,4,61.2173913,12,1,0
ambient,grazing,Tra_ori,8,3_5,10,1,0,0,8,4,61.2173913,12,1,0
ambient,grazing,Tra_ori,8,3_5,6,1,0,0,8,4,61.2173913,12,1,0
ambient,grazing,Tra_ori,8,3_5,8,1,0,0,8,4,61.2173913,12,1,0
ambient,grazing,Tra_ori,8,3_5,6,1,0,0,8,4,61.2173913,12,1,0
ambient,grazing,Tra_ori,8,3_5,6,1,0,0,8,4,61.2173913,12,1,0
ambient,grazing,Tra_ori,2,10_1,NA,0,0,1,0,0,61.2173913,0,0,0
ambient,grazing,Tra_ori,3,10_1,NA,0,0,0,0,0,61.2173913,0,0,0
ambient,grazing,Tra_ori,1,3_5,NA,0,0,0,0,0,61.2173913,0,0,0
ambient,grazing,Tra_ori,1,5_4,13,0,0,0,0,0,61.2173913,0,1,0
ambient,grazing,Tra_ori,1,5_4,NA,0,0,1,0,0,61.2173913,0,0,0
ambient,grazing,Tra_ori,2,5_4,5,1,0,0,0,0,61.2173913,0,1,0
ambient,grazing,Tra_ori,2,5_4,NA,0,0,1,0,0,61.2173913,0,0,0
ambient,grazing,Tra_ori,5,5_4,7,1,0,0,2,0,61.2173913,2,1,0
ambient,grazing,Tra_ori,5,5_4,7,1,0,0,2,0,61.2173913,2,1,0
ambient,grazing,Tra_ori,8,3_5,5,1,0,0,0,1,61.2173913,1,1,0
ambient,grazing,Tra_ori,6,1_3,NA,0,0,0,0,0,61.2173913,0,0,0
ambient,grazing,Tra_ori,8,3_5,10,1,0,0,0,1,61.2173913,1,1,0
ambient,grazing,Tra_ori,8,1_3,4,1,0,0,0,0,61.2173913,0,1,0
ambient,grazing,Tra_ori,8,1_3,NA,0,0,1,0,0,61.2173913,0,0,0
ambient,grazing,Tra_ori,1,3_5,NA,0,0,0,0,0,61.2173913,0,0,0
ambient,grazing,Tra_ori,1,10_1,NA,0,0,0,0,0,61.2173913,0,0,0
ambient,grazing,Tra_ori,2,10_1,5,0,0,0,2,0,61.2173913,2,1,0
ambient,grazing,Tra_ori,2,10_1,4,1,0,0,2,0,61.2173913,2,1,0
ambient,grazing,Tra_ori,2,10_1,NA,0,0,1,2,0,61.2173913,2,0,0
ambient,grazing,Tra_ori,2,10_1,NA,0,0,1,2,0,61.2173913,2,0,0
ambient,grazing,Tra_ori,2,10_1,NA,0,0,1,2,0,61.2173913,2,0,0
ambient,grazing,Tra_ori,1,1_3,NA,0,0,0,0,0,61.2173913,0,0,0
ambient,grazing,Tra_ori,1,5_4,NA,0,0,0,0,0,61.2173913,0,0,0
ambient,grazing,Tra_ori,1,5_4,6,0,0,0,0,0,61.2173913,0,1,0
ambient,grazing,Tra_ori,2,1_3,NA,0,0,0,0,0,61.2173913,0,0,0
ambient,grazing,Tra_ori,8,3_5,NA,0,0,1,0,0,61.2173913,0,0,0
ambient,grazing,Tra_ori,8,3_5,NA,0,0,1,0,0,61.2173913,0,0,0
ambient,grazing,Tra_ori,8,3_5,NA,0,0,1,0,0,61.2173913,0,0,0
ambient,grazing,Tra_ori,8,3_5,NA,0,0,1,0,0,61.2173913,0,0,0
ambient,grazing,Tra_ori,8,3_5,NA,0,0,1,0,0,61.2173913,0,0,0
ambient,grazing,Tra_ori,2,3_5,4,0,0,0,1,0,61.2173913,1,1,0
ambient,grazing,Tra_ori,2,3_5,4,1,0,0,1,0,61.2173913,1,1,0
ambient,grazing,Tra_ori,1,8_2,NA,0,0,0,0,0,61.2173913,0,0,0
ambient,grazing,Tra_ori,1,8_2,NA,0,0,0,0,0,61.2173913,0,0,0
ambient,grazing,Tra_ori,1,10_1,6,1,0,0,0,0,61.2173913,0,1,0
ambient,grazing,Tra_ori,2,10_1,NA,0,0,0,0,2,61.2173913,2,0,0
ambient,grazing,Tra_ori,2,10_1,6,1,0,0,0,2,61.2173913,2,1,0
ambient,grazing,Tra_ori,2,10_1,NA,0,0,0,0,2,61.2173913,2,0,0
ambient,grazing,Tra_ori,2,10_1,7,1,0,0,0,2,61.2173913,2,1,0
ambient,grazing,Tra_ori,2,10_1,5,1,0,0,0,2,61.2173913,2,1,0
ambient,grazing,Tra_ori,5,8_2,NA,0,0,0,0,0,61.2173913,0,0,0
ambient,grazing,Tra_ori,1,3_5,NA,0,0,0,0,0,61.2173913,0,0,0
ambient,grazing,Tra_ori,8,3_5,NA,0,0,0,0,1,61.2173913,1,0,0
ambient,grazing,Tra_ori,1,3_5,9,0,0,0,0,0,61.2173913,0,1,0
ambient,grazing,Tra_ori,1,3_5,8,1,0,0,0,0,61.2173913,0,1,0
ambient,grazing,Tra_ori,1,3_5,NA,0,0,1,0,0,61.2173913,0,0,0
ambient,grazing,Tra_ori,1,3_5,4,0,0,0,0,0,61.2173913,0,1,0
ambient,grazing,Tra_ori,8,3_5,16,0,0,0,0,1,61.2173913,1,1,0
ambient,grazing,Tra_ori,3,1_3,3,0,0,0,0,0,61.2173913,0,1,0
ambient,grazing,Tra_ori,6,1_3,4,0,0,0,0,0,61.2173913,0,1,0
ambient,grazing,Tra_ori,8,3_5,7,1,0,0,0,1,61.2173913,1,1,0
ambient,grazing,Tra_ori,2,8_2,NA,0,0,0,0,0,61.2173913,0,0,0
ambient,grazing,Tra_ori,1,3_5,NA,0,0,0,0,0,61.2173913,0,0,0
ambient,grazing,Tra_ori,1,3_5,NA,0,0,0,0,0,61.2173913,0,0,0
ambient,grazing,Tra_ori,8,3_5,3,1,0,0,0,1,61.2173913,1,1,0
ambient,grazing,Tra_ori,1,3_5,NA,0,0,0,0,0,61.2173913,0,0,0
ambient,grazing,Tra_ori,8,3_5,NA,0,0,0,0,1,61.2173913,1,0,0
ambient,grazing,Tra_ori,3,1_3,NA,0,0,0,0,0,61.2173913,0,0,0
ambient,grazing,Tra_ori,6,1_3,NA,0,0,0,0,0,61.2173913,0,0,0
ambient,grazing,Tra_ori,6,1_3,NA,0,0,0,0,0,61.2173913,0,0,0
ambient,grazing,Tra_ori,7,1_3,NA,0,0,1,0,0,61.2173913,0,0,0
ambient,grazing,Tra_ori,2,10_1,NA,0,0,0,0,0,61.2173913,0,0,0
ambient,grazing,Tra_ori,3,10_1,4,1,0,0,0,0,61.2173913,0,1,0
ambient,grazing,Tra_ori,2,1_3,13,1,0,0,0,0,61.2173913,0,1,0
ambient,grazing,Tra_ori,8,3_5,NA,0,0,0,0,1,61.2173913,1,0,0
ambient,grazing,Tra_ori,2,1_3,NA,0,0,0,0,0,61.2173913,0,0,0
ambient,grazing,Tra_ori,3,1_3,NA,0,0,0,0,0,61.2173913,0,0,0
ambient,grazing,Tra_ori,1,3_5,NA,0,0,0,0,0,61.2173913,0,0,0
ambient,grazing,Tra_ori,1,10_1,4,0,0,0,0,0,61.2173913,0,1,0
ambient,grazing,Tra_ori,2,3_5,5,0,0,0,1,0,61.2173913,1,1,0
ambient,grazing,Tra_ori,6,1_3,NA,0,0,0,0,0,61.2173913,0,0,0
ambient,grazing,Tra_ori,6,1_3,NA,0,0,1,0,0,61.2173913,0,0,0
ambient,grazing,Tra_ori,8,1_3,5,0,0,0,0,0,61.2173913,0,1,0
ambient,grazing,Tra_ori,8,1_3,NA,0,0,0,0,0,61.2173913,0,0,0
ambient,grazing,Tra_ori,2,8_2,NA,0,0,0,0,0,61.2173913,0,0,0
ambient,grazing,Tra_ori,2,8_2,NA,0,0,0,0,0,61.2173913,0,0,0
ambient,grazing,Tra_ori,2,8_2,NA,0,0,0,0,0,61.2173913,0,0,0
ambient,grazing,Tra_ori,3,1_3,NA,0,0,0,0,0,61.2173913,0,0,0
ambient,grazing,Tra_ori,3,8_2,NA,0,0,0,0,0,61.2173913,0,0,0
ambient,grazing,Tra_ori,3,8_2,NA,0,0,0,0,0,61.2173913,0,0,0
ambient,grazing,Tra_ori,3,1_3,NA,0,0,0,0,0,61.2173913,0,0,0
ambient,grazing,Tra_ori,8,3_5,4,1,0,0,0,1,61.2173913,1,1,0
ambient,grazing,Tra_ori,1,10_1,NA,0,0,1,0,0,61.2173913,0,0,0
ambient,grazing,Tra_ori,3,1_3,NA,0,0,0,0,0,61.2173913,0,0,0
ambient,grazing,Tra_ori,8,1_3,11,1,0,0,0,0,61.2173913,0,1,0
ambient,grazing,Tra_ori,8,3_5,12,0,0,0,0,1,61.2173913,1,1,0
ambient,grazing,Tra_ori,8,3_5,7,0,0,0,0,1,61.2173913,1,1,0
ambient,grazing,Tra_ori,8,3_5,4,0,0,0,0,1,61.2173913,1,1,0
ambient,grazing,Tra_ori,6,1_3,NA,0,0,0,0,0,61.2173913,0,0,0
ambient,grazing,Tra_ori,2,1_3,NA,0,0,0,0,0,61.2173913,0,0,0
ambient,grazing,Tra_ori,8,3_5,5,0,0,0,0,1,61.2173913,1,1,0
ambient,grazing,Tra_ori,1,3_5,NA,0,0,1,0,0,61.2173913,0,0,0
ambient,grazing,Tra_ori,2,1_3,8,1,0,0,0,0,61.2173913,0,1,0
ambient,grazing,Tra_ori,8,3_5,NA,0,0,0,0,1,61.2173913,1,0,0
ambient,grazing,Tra_ori,1,3_5,NA,0,0,0,0,0,61.2173913,0,0,0
ambient,grazing,Tra_ori,7,1_3,4,0,0,0,0,0,61.2173913,0,1,0
ambient,grazing,Tra_ori,8,1_3,6,0,0,0,0,0,61.2173913,0,1,0
ambient,grazing,Tra_ori,8,3_5,5,1,0,0,0,1,61.2173913,1,1,0
ambient,grazing,Tra_ori,8,3_5,6,1,0,0,0,1,61.2173913,1,1,0
ambient,grazing,Tra_ori,2,1_3,NA,0,0,0,0,0,61.2173913,0,0,0
ambient,mowing,Tra_ori,1,1_1,3,0,0,0,0,0,60.44285714,0,1,0
ambient,mowing,Tra_ori,1,1_1,NA,0,0,0,0,0,60.44285714,0,0,0
ambient,mowing,Tra_ori,1,1_1,NA,0,0,0,0,0,60.44285714,0,0,0
ambient,mowing,Tra_ori,1,1_1,NA,0,0,0,0,0,60.44285714,0,0,0
ambient,mowing,Tra_ori,2,1_1,4,1,0,0,0,0,60.44285714,0,1,0
ambient,mowing,Tra_ori,2,1_1,NA,0,0,1,0,0,60.44285714,0,0,0
ambient,mowing,Tra_ori,2,1_1,NA,0,0,0,0,0,60.44285714,0,0,0
ambient,mowing,Tra_ori,2,1_1,NA,0,0,0,0,0,60.44285714,0,0,0
ambient,mowing,Tra_ori,2,1_1,NA,0,0,0,0,0,60.44285714,0,0,0
ambient,mowing,Tra_ori,3,1_1,4,1,0,0,0,0,60.44285714,0,1,0
ambient,mowing,Tra_ori,3,1_1,5,1,0,0,0,0,60.44285714,0,1,0
ambient,mowing,Tra_ori,3,1_1,7,0,0,0,0,0,60.44285714,0,1,0
ambient,mowing,Tra_ori,3,1_1,4,1,0,0,0,0,60.44285714,0,1,0
ambient,mowing,Tra_ori,3,1_1,NA,0,0,1,0,0,60.44285714,0,0,0
ambient,mowing,Tra_ori,3,1_1,NA,0,0,1,0,0,60.44285714,0,0,0
ambient,mowing,Tra_ori,3,1_1,NA,0,0,0,0,0,60.44285714,0,0,0
ambient,mowing,Tra_ori,3,1_1,NA,0,0,0,0,0,60.44285714,0,0,0
ambient,mowing,Tra_ori,3,1_1,NA,0,0,0,0,0,60.44285714,0,0,0
ambient,mowing,Tra_ori,3,1_1,NA,0,0,0,0,0,60.44285714,0,0,0
ambient,mowing,Tra_ori,4,1_1,3,1,0,0,0,0,60.44285714,0,1,0
ambient,mowing,Tra_ori,4,1_1,3,1,0,0,0,0,60.44285714,0,1,0
ambient,mowing,Tra_ori,5,1_1,4,0,0,0,0,0,60.44285714,0,1,0
ambient,mowing,Tra_ori,5,1_1,8,0,0,0,0,0,60.44285714,0,1,0
ambient,mowing,Tra_ori,6,1_1,NA,0,0,1,0,0,60.44285714,0,0,0
ambient,mowing,Tra_ori,6,1_1,NA,0,0,1,0,0,60.44285714,0,0,0
ambient,mowing,Tra_ori,6,1_1,NA,0,0,0,0,0,60.44285714,0,0,0
ambient,mowing,Tra_ori,6,1_1,NA,0,0,0,0,0,60.44285714,0,0,0
ambient,mowing,Tra_ori,8,1_1,NA,0,0,1,0,0,60.44285714,0,0,0
ambient,mowing,Tra_ori,8,1_1,NA,0,0,1,0,0,60.44285714,0,0,0
ambient,mowing,Tra_ori,8,1_1,NA,0,0,1,0,0,60.44285714,0,0,0
ambient,mowing,Tra_ori,8,1_1,NA,0,0,1,0,0,60.44285714,0,0,0
ambient,mowing,Tra_ori,8,1_1,NA,0,0,1,0,0,60.44285714,0,0,0
ambient,mowing,Tra_ori,8,1_1,NA,0,0,1,0,0,60.44285714,0,0,0
ambient,mowing,Tra_ori,8,1_1,NA,0,0,0,0,0,60.44285714,0,0,0
ambient,mowing,Tra_ori,8,1_1,NA,0,0,0,0,0,60.44285714,0,0,0
ambient,mowing,Tra_ori,8,1_1,NA,0,0,0,0,0,60.44285714,0,0,0
ambient,mowing,Tra_ori,8,1_1,NA,0,0,0,0,0,60.44285714,0,0,0
ambient,mowing,Tra_ori,8,1_1,NA,0,0,0,0,0,60.44285714,0,0,0
ambient,mowing,Tra_ori,8,1_1,NA,0,0,0,0,0,60.44285714,0,0,0
ambient,mowing,Tra_ori,8,1_1,NA,0,0,0,0,0,60.44285714,0,0,0
ambient,mowing,Tra_ori,8,1_1,NA,0,0,0,0,0,60.44285714,0,0,0
ambient,mowing,Tra_ori,8,1_1,NA,0,0,0,0,0,60.44285714,0,0,0
ambient,mowing,Tra_ori,2,8_3,4,1,0,0,0,1,60.44285714,1,1,0
ambient,mowing,Tra_ori,2,8_3,NA,0,0,0,0,0,60.44285714,0,0,0
ambient,mowing,Tra_ori,3,8_3,NA,0,0,0,1,5,60.44285714,6,0,0
ambient,mowing,Tra_ori,3,8_3,NA,0,0,1,1,5,60.44285714,6,0,0
ambient,mowing,Tra_ori,3,8_3,NA,0,0,0,1,5,60.44285714,6,0,0
ambient,mowing,Tra_ori,3,8_3,3,1,0,0,1,5,60.44285714,6,1,0
ambient,mowing,Tra_ori,7,NA,NA,0,0,0,0,0,60.44285714,0,0,0
ambient,mowing,Tra_ori,7,NA,NA,0,0,0,0,0,60.44285714,0,0,0
ambient,mowing,Tra_ori,1,1_1,NA,0,0,0,0,0,60.44285714,0,0,0
ambient,mowing,Tra_ori,1,1_1,NA,0,0,0,0,0,60.44285714,0,0,0
ambient,mowing,Tra_ori,1,1_1,NA,0,0,1,0,0,60.44285714,0,0,0
ambient,mowing,Tra_ori,1,1_1,NA,0,0,0,0,0,60.44285714,0,0,0
ambient,mowing,Tra_ori,2,1_1,4,1,0,0,1,0,60.44285714,1,1,0
ambient,mowing,Tra_ori,2,1_1,3,0,0,0,1,0,60.44285714,1,1,0
ambient,mowing,Tra_ori,2,1_1,NA,0,0,0,0,0,60.44285714,0,0,0
ambient,mowing,Tra_ori,2,1_1,NA,0,0,0,0,0,60.44285714,0,0,0
ambient,mowing,Tra_ori,2,1_1,NA,0,0,0,0,0,60.44285714,0,0,0
ambient,mowing,Tra_ori,3,1_1,5,1,0,0,1,3,60.44285714,4,1,0
ambient,mowing,Tra_ori,3,1_1,4,1,0,0,1,3,60.44285714,4,1,0
ambient,mowing,Tra_ori,3,1_1,NA,0,0,0,1,3,60.44285714,4,0,0
ambient,mowing,Tra_ori,3,1_1,6,0,0,0,1,3,60.44285714,4,1,0
ambient,mowing,Tra_ori,3,1_1,6,1,0,0,1,3,60.44285714,4,1,0
ambient,mowing,Tra_ori,3,1_1,4,1,0,0,1,3,60.44285714,4,1,0
ambient,mowing,Tra_ori,3,1_1,NA,0,0,1,1,0,60.44285714,1,0,0
ambient,mowing,Tra_ori,3,1_1,NA,0,0,0,0,0,60.44285714,0,0,0
ambient,mowing,Tra_ori,3,1_1,NA,0,0,0,0,0,60.44285714,0,0,0
ambient,mowing,Tra_ori,3,1_1,NA,0,0,0,0,0,60.44285714,0,0,0
ambient,mowing,Tra_ori,4,1_1,4,1,0,0,0,0,60.44285714,0,1,0
ambient,mowing,Tra_ori,4,1_1,4,1,0,0,0,0,60.44285714,0,1,0
ambient,mowing,Tra_ori,5,1_1,NA,0,0,0,0,0,60.44285714,0,0,0
ambient,mowing,Tra_ori,5,1_1,NA,0,0,0,0,0,60.44285714,0,0,0
ambient,mowing,Tra_ori,6,1_1,6,1,0,0,0,0,60.44285714,0,1,0
ambient,mowing,Tra_ori,6,1_1,4,1,0,0,0,0,60.44285714,0,1,0
ambient,mowing,Tra_ori,6,1_1,NA,0,0,1,0,0,60.44285714,0,0,0
ambient,mowing,Tra_ori,6,1_1,NA,0,0,1,0,0,60.44285714,0,0,0
ambient,mowing,Tra_ori,8,1_1,5,1,0,0,2,1,60.44285714,3,1,0
ambient,mowing,Tra_ori,8,1_1,4,1,0,0,2,1,60.44285714,3,1,0
ambient,mowing,Tra_ori,8,1_1,3,1,0,0,2,1,60.44285714,3,1,0
ambient,mowing,Tra_ori,8,1_1,4,1,0,0,2,1,60.44285714,3,1,0
ambient,mowing,Tra_ori,1,10_2,3,0,0,0,1,0,60.44285714,1,1,0
ambient,mowing,Tra_ori,1,10_2,NA,0,0,0,0,0,60.44285714,0,0,0
ambient,mowing,Tra_ori,1,10_2,NA,0,0,0,0,0,60.44285714,0,0,0
ambient,mowing,Tra_ori,2,10_2,6,1,0,0,1,1,60.44285714,2,1,0
ambient,mowing,Tra_ori,2,10_2,3,1,0,0,1,1,60.44285714,2,1,0
ambient,mowing,Tra_ori,2,10_2,4,1,0,0,1,1,60.44285714,2,1,0
ambient,mowing,Tra_ori,2,10_2,NA,0,0,1,1,0,60.44285714,1,0,0
ambient,mowing,Tra_ori,2,10_2,NA,0,0,0,0,0,60.44285714,0,0,0
ambient,mowing,Tra_ori,3,10_2,4,0,0,0,1,0,60.44285714,1,1,0
ambient,mowing,Tra_ori,3,10_2,7,0,0,0,1,0,60.44285714,1,1,0
ambient,mowing,Tra_ori,3,10_2,5,1,0,0,1,0,60.44285714,1,1,0
ambient,mowing,Tra_ori,3,10_2,4,1,0,0,1,0,60.44285714,1,1,0
ambient,mowing,Tra_ori,3,10_2,5,1,0,0,1,0,60.44285714,1,1,0
ambient,mowing,Tra_ori,3,10_2,4,1,0,0,1,0,60.44285714,1,1,0
ambient,mowing,Tra_ori,3,10_2,NA,0,0,1,1,0,60.44285714,1,0,0
ambient,mowing,Tra_ori,4,10_2,3,1,0,0,0,0,60.44285714,0,1,0
ambient,mowing,Tra_ori,4,10_2,NA,0,0,1,0,0,60.44285714,0,0,0
ambient,mowing,Tra_ori,4,10_2,NA,0,0,0,0,0,60.44285714,0,0,0
ambient,mowing,Tra_ori,5,10_2,5,1,0,0,0,0,60.44285714,0,1,0
ambient,mowing,Tra_ori,5,10_2,4,0,0,0,0,0,60.44285714,0,1,0
ambient,mowing,Tra_ori,7,10_2,8,1,0,0,0,0,60.44285714,0,1,0
ambient,mowing,Tra_ori,7,10_2,NA,0,0,0,0,0,60.44285714,0,0,0
ambient,mowing,Tra_ori,7,10_2,NA,0,0,0,0,0,60.44285714,0,0,0
ambient,mowing,Tra_ori,2,1_1,8,1,0,0,0,0,60.44285714,0,1,0
ambient,mowing,Tra_ori,2,1_1,NA,0,0,0,0,1,60.44285714,1,0,0
ambient,mowing,Tra_ori,2,1_1,NA,0,0,1,0,0,60.44285714,0,0,0
ambient,mowing,Tra_ori,2,1_1,NA,0,0,1,0,0,60.44285714,0,0,0
ambient,mowing,Tra_ori,2,1_1,NA,0,0,0,0,0,60.44285714,0,0,0
ambient,mowing,Tra_ori,3,1_1,7,1,0,0,0,0,60.44285714,0,1,0
ambient,mowing,Tra_ori,3,1_1,6,0,0,0,0,0,60.44285714,0,1,0
ambient,mowing,Tra_ori,3,1_1,NA,0,0,0,0,0,60.44285714,0,0,0
ambient,mowing,Tra_ori,3,1_1,NA,0,0,0,0,0,60.44285714,0,0,0
ambient,mowing,Tra_ori,3,1_1,10,1,1,0,0,2,60.44285714,2,1,60.44285714
ambient,mowing,Tra_ori,3,1_1,6,0,0,0,0,0,60.44285714,0,1,0
ambient,mowing,Tra_ori,3,1_1,11,1,0,0,0,0,60.44285714,0,1,0
ambient,mowing,Tra_ori,3,1_1,NA,0,0,0,0,0,60.44285714,0,0,0
ambient,mowing,Tra_ori,3,1_1,NA,0,0,0,0,0,60.44285714,0,0,0
ambient,mowing,Tra_ori,3,1_1,NA,0,0,0,0,0,60.44285714,0,0,0
ambient,mowing,Tra_ori,4,1_1,6,1,0,0,0,0,60.44285714,0,1,0
ambient,mowing,Tra_ori,4,1_1,7,0,0,0,0,0,60.44285714,0,1,0
ambient,mowing,Tra_ori,5,1_1,NA,0,0,0,0,0,60.44285714,0,0,0
ambient,mowing,Tra_ori,5,1_1,NA,0,0,0,0,0,60.44285714,0,0,0
ambient,mowing,Tra_ori,6,1_1,14,1,0,0,0,0,60.44285714,0,1,0
ambient,mowing,Tra_ori,6,1_1,6,1,0,0,0,0,60.44285714,0,1,0
ambient,mowing,Tra_ori,6,1_1,8,1,0,0,0,0,60.44285714,0,1,0
ambient,mowing,Tra_ori,6,1_1,4,0,0,0,0,0,60.44285714,0,1,0
ambient,mowing,Tra_ori,8,1_1,7,0,0,0,0,1,60.44285714,1,1,0
ambient,mowing,Tra_ori,8,1_1,4,0,0,0,0,1,60.44285714,1,1,0
ambient,mowing,Tra_ori,8,1_1,6,0,0,0,0,1,60.44285714,1,1,0
ambient,mowing,Tra_ori,8,1_1,6,0,0,0,0,1,60.44285714,1,1,0
ambient,mowing,Tra_ori,1,10_2,NA,0,0,0,0,0,60.44285714,0,0,0
ambient,mowing,Tra_ori,1,10_2,NA,0,0,0,0,0,60.44285714,0,0,0
ambient,mowing,Tra_ori,1,10_2,NA,0,0,0,0,0,60.44285714,0,0,0
ambient,mowing,Tra_ori,2,10_2,4,1,0,0,0,0,60.44285714,0,1,0
ambient,mowing,Tra_ori,2,10_2,4,1,0,0,0,0,60.44285714,0,1,0
ambient,mowing,Tra_ori,2,10_2,8,1,0,0,0,0,60.44285714,0,1,0
ambient,mowing,Tra_ori,1,3_4,3,0,0,0,0,2,60.44285714,2,1,0
ambient,mowing,Tra_ori,1,3_4,3,1,0,0,0,2,60.44285714,2,1,0
ambient,mowing,Tra_ori,2,3_4,NA,0,0,1,0,0,60.44285714,0,0,0
ambient,mowing,Tra_ori,2,3_4,NA,0,0,0,0,0,60.44285714,0,0,0
ambient,mowing,Tra_ori,2,3_4,NA,0,0,0,0,0,60.44285714,0,0,0
ambient,mowing,Tra_ori,3,3_4,NA,0,0,0,0,0,60.44285714,0,0,0
ambient,mowing,Tra_ori,3,10_2,10,0,0,0,1,0,60.44285714,1,1,0
ambient,mowing,Tra_ori,3,10_2,7,1,0,0,1,0,60.44285714,1,1,0
ambient,mowing,Tra_ori,3,10_2,5,0,0,0,1,0,60.44285714,1,1,0
ambient,mowing,Tra_ori,4,10_2,5,0,0,0,0,0,60.44285714,0,1,0
ambient,mowing,Tra_ori,4,10_2,7,1,0,0,0,0,60.44285714,0,1,0
ambient,mowing,Tra_ori,4,10_2,NA,0,0,1,0,0,60.44285714,0,0,0
ambient,mowing,Tra_ori,5,10_2,8,1,0,0,0,0,60.44285714,0,1,0
ambient,mowing,Tra_ori,5,10_2,NA,0,0,0,0,0,60.44285714,0,0,0
ambient,mowing,Tra_ori,7,10_2,14,1,0,0,0,0,60.44285714,0,1,0
ambient,mowing,Tra_ori,7,10_2,NA,0,0,1,0,0,60.44285714,0,0,0
ambient,mowing,Tra_ori,7,10_2,NA,0,0,0,0,0,60.44285714,0,0,0
ambient,mowing,Tra_ori,2,1_1,9,0,0,0,0,0,60.44285714,0,1,0
ambient,mowing,Tra_ori,2,1_1,NA,0,0,0,0,0,60.44285714,0,0,0
ambient,mowing,Tra_ori,2,1_1,3,1,0,0,0,0,60.44285714,0,1,0
ambient,mowing,Tra_ori,2,1_1,3,1,0,0,0,0,60.44285714,0,1,0
ambient,mowing,Tra_ori,2,1_1,NA,0,0,1,0,0,60.44285714,0,0,0
ambient,mowing,Tra_ori,3,1_1,5,1,0,0,3,0,60.44285714,3,1,0
ambient,mowing,Tra_ori,3,1_1,NA,0,0,0,3,0,60.44285714,3,0,0
ambient,mowing,Tra_ori,3,1_1,NA,0,0,0,3,0,60.44285714,3,0,0
ambient,mowing,Tra_ori,3,1_1,NA,0,0,0,3,0,60.44285714,3,0,0
ambient,mowing,Tra_ori,3,1_1,8,1,0,0,3,0,60.44285714,3,1,0
ambient,mowing,Tra_ori,3,1_1,NA,0,0,0,3,0,60.44285714,3,0,0
ambient,mowing,Tra_ori,3,1_1,13,1,0,0,3,0,60.44285714,3,1,0
ambient,mowing,Tra_ori,3,1_1,NA,0,0,1,3,0,60.44285714,3,0,0
ambient,mowing,Tra_ori,3,1_1,NA,0,0,1,3,0,60.44285714,3,0,0
ambient,mowing,Tra_ori,3,1_1,NA,0,0,1,3,0,60.44285714,3,0,0
ambient,mowing,Tra_ori,4,1_1,8,1,0,0,0,0,60.44285714,0,1,0
ambient,mowing,Tra_ori,4,1_1,NA,0,0,0,0,0,60.44285714,0,0,0
ambient,mowing,Tra_ori,5,1_1,NA,0,0,0,0,0,60.44285714,0,0,0
ambient,mowing,Tra_ori,5,1_1,NA,0,0,0,0,0,60.44285714,0,0,0
ambient,mowing,Tra_ori,6,1_1,8,1,2,0,1,0,60.44285714,1,1,120.8857143
ambient,mowing,Tra_ori,6,1_1,6,1,0,0,1,0,60.44285714,1,1,0
ambient,mowing,Tra_ori,6,1_1,13,0,3,0,1,0,60.44285714,1,1,181.3285714
ambient,mowing,Tra_ori,6,1_1,NA,0,0,0,1,0,60.44285714,1,0,0
ambient,mowing,Tra_ori,8,1_1,NA,0,0,0,2,0,60.44285714,2,0,0
ambient,mowing,Tra_ori,8,1_1,NA,0,0,0,2,0,60.44285714,2,0,0
ambient,mowing,Tra_ori,8,1_1,NA,0,0,0,2,0,60.44285714,2,0,0
ambient,mowing,Tra_ori,8,1_1,NA,0,0,0,2,0,60.44285714,2,0,0
ambient,mowing,Tra_ori,1,10_2,NA,0,0,0,0,0,60.44285714,0,0,0
ambient,mowing,Tra_ori,1,10_2,NA,0,0,0,0,0,60.44285714,0,0,0
ambient,mowing,Tra_ori,1,10_2,NA,0,0,1,0,0,60.44285714,0,0,0
ambient,mowing,Tra_ori,2,10_2,7,1,0,0,0,1,60.44285714,1,1,0
ambient,mowing,Tra_ori,2,10_2,5,1,0,0,0,1,60.44285714,1,1,0
ambient,mowing,Tra_ori,2,10_2,14,1,0,0,0,1,60.44285714,1,1,0
ambient,mowing,Tra_ori,1,3_4,NA,0,0,0,0,0,60.44285714,0,0,0
ambient,mowing,Tra_ori,1,3_4,8,1,0,0,0,0,60.44285714,0,1,0
ambient,mowing,Tra_ori,2,3_4,3,1,0,0,0,0,60.44285714,0,1,0
ambient,mowing,Tra_ori,2,3_4,NA,0,0,1,0,0,60.44285714,0,0,0
ambient,mowing,Tra_ori,2,3_4,NA,0,0,0,0,0,60.44285714,0,0,0
ambient,mowing,Tra_ori,3,3_4,NA,0,0,1,0,0,60.44285714,0,0,0
ambient,mowing,Tra_ori,3,10_2,NA,0,0,0,0,0,60.44285714,0,0,0
ambient,mowing,Tra_ori,3,10_2,4,1,0,0,0,0,60.44285714,0,1,0
ambient,mowing,Tra_ori,3,10_2,NA,0,0,0,0,0,60.44285714,0,0,0
ambient,mowing,Tra_ori,4,10_2,NA,0,0,0,0,0,60.44285714,0,0,0
ambient,mowing,Tra_ori,4,10_2,7,0,0,0,0,0,60.44285714,0,1,0
ambient,mowing,Tra_ori,4,10_2,5,1,0,0,0,0,60.44285714,0,1,0
ambient,mowing,Tra_ori,5,10_2,4,0,0,0,0,0,60.44285714,0,1,0
ambient,mowing,Tra_ori,5,10_2,NA,0,0,0,0,0,60.44285714,0,0,0
ambient,mowing,Tra_ori,7,10_2,11,0,0,0,0,0,60.44285714,0,1,0
ambient,mowing,Tra_ori,7,10_2,10,1,0,0,0,0,60.44285714,0,1,0
ambient,mowing,Tra_ori,7,10_2,NA,0,0,1,0,0,60.44285714,0,0,0
ambient,mowing,Tra_ori,4,5_5,NA,0,0,0,0,0,60.44285714,0,0,0
ambient,mowing,Tra_ori,4,5_5,11,1,0,0,0,0,60.44285714,0,1,0
ambient,mowing,Tra_ori,4,5_5,9,1,0,0,0,0,60.44285714,0,1,0
ambient,mowing,Tra_ori,4,5_5,NA,0,0,0,0,0,60.44285714,0,0,0
ambient,mowing,Tra_ori,4,5_5,6,1,0,0,0,0,60.44285714,0,1,0
ambient,mowing,Tra_ori,4,5_5,6,0,0,0,0,0,60.44285714,0,1,0
ambient,mowing,Tra_ori,5,5_5,7,1,0,0,0,1,60.44285714,1,1,0
ambient,mowing,Tra_ori,5,5_5,7,1,0,0,0,1,60.44285714,1,1,0
ambient,mowing,Tra_ori,5,5_5,8,1,0,0,0,1,60.44285714,1,1,0
ambient,mowing,Tra_ori,5,5_5,4,0,0,0,0,1,60.44285714,1,1,0
ambient,mowing,Tra_ori,5,5_5,4,1,0,0,0,1,60.44285714,1,1,0
ambient,mowing,Tra_ori,5,5_5,NA,0,0,0,0,0,60.44285714,0,0,0
ambient,mowing,Tra_ori,5,5_5,NA,0,0,0,0,0,60.44285714,0,0,0
ambient,mowing,Tra_ori,5,5_5,NA,0,0,0,0,0,60.44285714,0,0,0
ambient,mowing,Tra_ori,6,5_5,13,0,2,0,0,0,60.44285714,0,1,120.8857143
ambient,mowing,Tra_ori,6,5_5,10,1,0,0,0,0,60.44285714,0,1,0
ambient,mowing,Tra_ori,6,5_5,4,1,0,0,0,0,60.44285714,0,1,0
ambient,mowing,Tra_ori,6,5_5,NA,0,0,0,0,0,60.44285714,0,0,0
ambient,mowing,Tra_ori,6,5_5,NA,0,0,0,0,0,60.44285714,0,0,0
ambient,mowing,Tra_ori,6,5_5,NA,0,0,0,0,0,60.44285714,0,0,0
ambient,mowing,Tra_ori,6,5_5,NA,0,0,0,0,0,60.44285714,0,0,0
ambient,mowing,Tra_ori,1,1_1,NA,0,0,1,0,0,60.44285714,0,0,0
ambient,mowing,Tra_ori,5,8_3,NA,0,0,0,0,0,60.44285714,0,0,0
ambient,mowing,Tra_ori,5,8_3,10,1,0,0,0,1,60.44285714,1,1,0
ambient,mowing,Tra_ori,5,8_3,7,1,0,0,0,0,60.44285714,0,1,0
ambient,mowing,Tra_ori,6,8_3,7,1,0,0,0,0,60.44285714,0,1,0
ambient,mowing,Tra_ori,1,8_3,4,1,0,0,0,0,60.44285714,0,1,0
ambient,mowing,Tra_ori,1,10_2,NA,0,0,0,0,0,60.44285714,0,0,0
ambient,mowing,Tra_ori,1,10_2,NA,0,0,0,0,0,60.44285714,0,0,0
ambient,mowing,Tra_ori,1,10_2,10,1,0,0,0,0,60.44285714,0,1,0
ambient,mowing,Tra_ori,2,10_2,12,1,0,0,0,0,60.44285714,0,1,0
ambient,mowing,Tra_ori,2,10_2,10,1,0,0,0,0,60.44285714,0,1,0
ambient,mowing,Tra_ori,2,10_2,11,1,1,0,0,0,60.44285714,0,1,60.44285714
ambient,mowing,Tra_ori,1,3_4,NA,0,0,0,0,0,60.44285714,0,0,0
ambient,mowing,Tra_ori,1,3_4,5,1,0,0,0,0,60.44285714,0,1,0
ambient,mowing,Tra_ori,2,3_4,5,1,0,0,0,1,60.44285714,1,1,0
ambient,mowing,Tra_ori,2,3_4,3,1,0,0,0,1,60.44285714,1,1,0
ambient,mowing,Tra_ori,2,3_4,NA,0,0,0,0,0,60.44285714,0,0,0
ambient,mowing,Tra_ori,3,3_4,4,1,0,0,0,0,60.44285714,0,1,0
ambient,mowing,Tra_ori,3,10_2,NA,0,0,0,2,2,60.44285714,4,0,0
ambient,mowing,Tra_ori,3,10_2,4,1,0,0,2,2,60.44285714,4,1,0
ambient,mowing,Tra_ori,3,10_2,NA,0,0,0,2,2,60.44285714,4,0,0
ambient,mowing,Tra_ori,4,10_2,NA,0,0,0,0,0,60.44285714,0,0,0
ambient,mowing,Tra_ori,4,10_2,NA,0,0,0,0,0,60.44285714,0,0,0
ambient,mowing,Tra_ori,4,10_2,10,1,0,0,0,0,60.44285714,0,1,0
ambient,mowing,Tra_ori,5,10_2,NA,0,0,1,0,2,60.44285714,2,0,0
ambient,mowing,Tra_ori,5,10_2,NA,0,0,0,0,2,60.44285714,2,0,0
ambient,mowing,Tra_ori,1,5_5,4,0,0,0,1,1,60.44285714,2,1,0
ambient,mowing,Tra_ori,1,5_5,3,1,0,0,1,1,60.44285714,2,1,0
ambient,mowing,Tra_ori,1,5_5,NA,0,0,1,1,0,60.44285714,1,0,0
ambient,mowing,Tra_ori,1,5_5,NA,0,0,1,1,0,60.44285714,1,0,0
ambient,mowing,Tra_ori,2,5_5,5,1,0,0,1,0,60.44285714,1,1,0
ambient,mowing,Tra_ori,2,5_5,6,1,0,0,1,0,60.44285714,1,1,0
ambient,mowing,Tra_ori,2,5_5,NA,0,0,0,0,0,60.44285714,0,0,0
ambient,mowing,Tra_ori,2,5_5,NA,0,0,0,0,0,60.44285714,0,0,0
ambient,mowing,Tra_ori,2,5_5,NA,0,0,0,0,0,60.44285714,0,0,0
ambient,mowing,Tra_ori,2,5_5,NA,0,0,0,0,0,60.44285714,0,0,0
ambient,mowing,Tra_ori,2,5_5,NA,0,0,0,0,0,60.44285714,0,0,0
ambient,mowing,Tra_ori,2,5_5,NA,0,0,0,0,0,60.44285714,0,0,0
ambient,mowing,Tra_ori,2,5_5,NA,0,0,0,0,0,60.44285714,0,0,0
ambient,mowing,Tra_ori,2,5_5,NA,0,0,0,0,0,60.44285714,0,0,0
ambient,mowing,Tra_ori,3,5_5,NA,0,0,0,0,0,60.44285714,0,0,0
ambient,mowing,Tra_ori,3,5_5,NA,0,0,0,0,0,60.44285714,0,0,0
ambient,mowing,Tra_ori,3,5_5,NA,0,0,0,0,0,60.44285714,0,0,0
ambient,mowing,Tra_ori,3,5_5,NA,0,0,0,0,0,60.44285714,0,0,0
ambient,mowing,Tra_ori,3,5_5,NA,0,0,0,0,0,60.44285714,0,0,0
ambient,mowing,Tra_ori,4,5_5,4,0,0,0,0,0,60.44285714,0,1,0
ambient,mowing,Tra_ori,4,5_5,4,0,0,0,0,0,60.44285714,0,1,0
ambient,mowing,Tra_ori,4,5_5,4,1,0,0,0,0,60.44285714,0,1,0
ambient,mowing,Tra_ori,4,5_5,3,1,0,0,0,0,60.44285714,0,1,0
ambient,mowing,Tra_ori,4,5_5,5,1,0,0,0,0,60.44285714,0,1,0
ambient,mowing,Tra_ori,4,5_5,3,0,0,0,0,0,60.44285714,0,1,0
ambient,mowing,Tra_ori,4,5_5,4,1,0,0,0,0,60.44285714,0,1,0
ambient,mowing,Tra_ori,4,5_5,6,1,0,0,0,0,60.44285714,0,1,0
ambient,mowing,Tra_ori,4,5_5,4,0,0,0,0,0,60.44285714,0,1,0
ambient,mowing,Tra_ori,4,5_5,NA,0,0,1,0,0,60.44285714,0,0,0
ambient,mowing,Tra_ori,4,5_5,NA,0,0,1,0,0,60.44285714,0,0,0
ambient,mowing,Tra_ori,5,5_5,3,1,0,0,0,1,60.44285714,1,1,0
ambient,mowing,Tra_ori,5,5_5,3,1,0,0,0,1,60.44285714,1,1,0
ambient,mowing,Tra_ori,5,5_5,NA,0,0,1,0,0,60.44285714,0,0,0
ambient,mowing,Tra_ori,5,5_5,NA,0,0,1,0,0,60.44285714,0,0,0
ambient,mowing,Tra_ori,5,5_5,NA,0,0,1,0,0,60.44285714,0,0,0
ambient,mowing,Tra_ori,5,5_5,NA,0,0,0,0,0,60.44285714,0,0,0
ambient,mowing,Tra_ori,5,5_5,NA,0,0,0,0,0,60.44285714,0,0,0
ambient,mowing,Tra_ori,5,5_5,NA,0,0,0,0,0,60.44285714,0,0,0
ambient,mowing,Tra_ori,6,5_5,NA,0,0,1,0,0,60.44285714,0,0,0
ambient,mowing,Tra_ori,6,5_5,NA,0,0,1,0,0,60.44285714,0,0,0
ambient,mowing,Tra_ori,6,5_5,NA,0,0,1,0,0,60.44285714,0,0,0
ambient,mowing,Tra_ori,6,5_5,NA,0,0,0,0,0,60.44285714,0,0,0
ambient,mowing,Tra_ori,6,5_5,NA,0,0,0,0,0,60.44285714,0,0,0
ambient,mowing,Tra_ori,6,5_5,NA,0,0,0,0,0,60.44285714,0,0,0
ambient,mowing,Tra_ori,6,5_5,NA,0,0,0,0,0,60.44285714,0,0,0
ambient,mowing,Tra_ori,4,8_3,NA,0,0,1,0,0,60.44285714,0,0,0
ambient,mowing,Tra_ori,5,8_3,NA,0,0,0,1,1,60.44285714,2,0,0
ambient,mowing,Tra_ori,5,8_3,8,1,0,0,1,1,60.44285714,2,1,0
ambient,mowing,Tra_ori,5,8_3,4,1,0,0,1,1,60.44285714,2,1,0
ambient,mowing,Tra_ori,6,8_3,7,1,0,0,1,0,60.44285714,1,1,0
ambient,mowing,Tra_ori,1,5_5,NA,0,0,1,0,0,60.44285714,0,0,0
ambient,mowing,Tra_ori,1,5_5,11,1,0,0,0,0,60.44285714,0,1,0
ambient,mowing,Tra_ori,1,5_5,10,1,0,0,0,0,60.44285714,0,1,0
ambient,mowing,Tra_ori,1,5_5,5,1,0,0,0,0,60.44285714,0,1,0
ambient,mowing,Tra_ori,2,5_5,10,1,0,0,0,0,60.44285714,0,1,0
ambient,mowing,Tra_ori,2,5_5,11,1,0,0,0,0,60.44285714,0,1,0
ambient,mowing,Tra_ori,2,5_5,NA,0,0,1,0,0,60.44285714,0,0,0
ambient,mowing,Tra_ori,2,5_5,NA,0,0,0,0,0,60.44285714,0,0,0
ambient,mowing,Tra_ori,2,5_5,NA,0,0,0,0,0,60.44285714,0,0,0
ambient,mowing,Tra_ori,2,5_5,NA,0,0,0,0,0,60.44285714,0,0,0
ambient,mowing,Tra_ori,2,5_5,NA,0,0,0,0,0,60.44285714,0,0,0
ambient,mowing,Tra_ori,2,5_5,NA,0,0,0,0,0,60.44285714,0,0,0
ambient,mowing,Tra_ori,2,5_5,NA,0,0,0,0,0,60.44285714,0,0,0
ambient,mowing,Tra_ori,2,5_5,NA,0,0,0,0,0,60.44285714,0,0,0
ambient,mowing,Tra_ori,3,5_5,NA,0,0,0,0,0,60.44285714,0,0,0
ambient,mowing,Tra_ori,3,5_5,NA,0,0,0,0,0,60.44285714,0,0,0
ambient,mowing,Tra_ori,3,5_5,NA,0,0,0,0,0,60.44285714,0,0,0
ambient,mowing,Tra_ori,3,5_5,NA,0,0,0,0,0,60.44285714,0,0,0
ambient,mowing,Tra_ori,3,5_5,NA,0,0,0,0,0,60.44285714,0,0,0
ambient,mowing,Tra_ori,4,5_5,NA,0,0,0,0,0,60.44285714,0,0,0
ambient,mowing,Tra_ori,4,5_5,NA,0,0,0,0,0,60.44285714,0,0,0
ambient,mowing,Tra_ori,4,5_5,13,1,0,0,0,0,60.44285714,0,1,0
ambient,mowing,Tra_ori,4,5_5,15,1,0,0,0,0,60.44285714,0,1,0
ambient,mowing,Tra_ori,4,5_5,10,1,0,0,0,0,60.44285714,0,1,0
ambient,mowing,Tra_ori,8,1_1,6,1,0,0,2,1,60.44285714,3,1,0
ambient,mowing,Tra_ori,8,1_1,NA,0,0,0,0,0,60.44285714,0,0,0
ambient,mowing,Tra_ori,8,1_1,NA,0,0,0,0,0,60.44285714,0,0,0
ambient,mowing,Tra_ori,8,1_1,NA,0,0,0,0,0,60.44285714,0,0,0
ambient,mowing,Tra_ori,8,1_1,NA,0,0,0,0,0,60.44285714,0,0,0
ambient,mowing,Tra_ori,8,1_1,NA,0,0,0,0,0,60.44285714,0,0,0
ambient,mowing,Tra_ori,8,1_1,NA,0,0,0,0,0,60.44285714,0,0,0
ambient,mowing,Tra_ori,8,1_1,NA,0,0,0,0,0,60.44285714,0,0,0
ambient,mowing,Tra_ori,8,1_1,NA,0,0,0,0,0,60.44285714,0,0,0
ambient,mowing,Tra_ori,8,1_1,NA,0,0,0,0,0,60.44285714,0,0,0
ambient,mowing,Tra_ori,2,8_3,6,1,0,0,0,1,60.44285714,1,1,0
ambient,mowing,Tra_ori,2,8_3,NA,0,0,0,0,0,60.44285714,0,0,0
ambient,mowing,Tra_ori,3,8_3,NA,0,0,0,1,0,60.44285714,1,0,0
ambient,mowing,Tra_ori,3,8_3,7,1,0,0,0,0,60.44285714,0,1,0
ambient,mowing,Tra_ori,3,8_3,NA,0,0,0,0,0,60.44285714,0,0,0
ambient,mowing,Tra_ori,3,8_3,4,1,0,0,0,0,60.44285714,0,1,0
ambient,mowing,Tra_ori,7,NA,NA,0,0,0,0,0,60.44285714,0,0,0
ambient,mowing,Tra_ori,7,NA,NA,0,0,0,0,0,60.44285714,0,0,0
ambient,mowing,Tra_ori,1,1_1,NA,0,0,0,0,0,60.44285714,0,0,0
ambient,mowing,Tra_ori,1,1_1,NA,0,0,0,0,0,60.44285714,0,0,0
ambient,mowing,Tra_ori,1,1_1,4,1,0,0,0,1,60.44285714,1,1,0
ambient,mowing,Tra_ori,4,8_3,8,0,0,0,0,0,60.44285714,0,1,0
ambient,mowing,Tra_ori,4,8_3,8,1,0,0,0,0,60.44285714,0,1,0
ambient,mowing,Tra_ori,5,5_5,NA,0,0,0,0,0,60.44285714,0,0,0
ambient,mowing,Tra_ori,6,5_5,NA,0,0,0,0,2,60.44285714,2,0,0
ambient,mowing,Tra_ori,6,5_5,15,0,2,0,0,2,60.44285714,2,1,120.8857143
ambient,mowing,Tra_ori,6,8_3,6,1,0,0,0,0,60.44285714,0,1,0
ambient,mowing,Tra_ori,1,8_3,7,0,0,0,0,0,60.44285714,0,1,0
ambient,mowing,Tra_ori,1,8_3,4,0,0,0,0,0,60.44285714,0,1,0
ambient,mowing,Tra_ori,2,8_3,3,1,0,0,0,0,60.44285714,0,1,0
ambient,mowing,Tra_ori,2,8_3,NA,0,0,1,0,0,60.44285714,0,0,0
ambient,mowing,Tra_ori,2,8_3,NA,0,0,1,0,0,60.44285714,0,0,0
ambient,mowing,Tra_ori,2,8_3,NA,0,0,0,0,0,60.44285714,0,0,0
ambient,mowing,Tra_ori,3,8_3,NA,0,0,0,0,0,60.44285714,0,0,0
ambient,mowing,Tra_ori,3,8_3,6,0,0,0,0,1,60.44285714,1,1,0
ambient,mowing,Tra_ori,3,8_3,7,0,0,0,0,0,60.44285714,0,1,0
ambient,mowing,Tra_ori,3,8_3,NA,0,0,1,0,0,60.44285714,0,0,0
ambient,mowing,Tra_ori,3,8_3,NA,0,0,1,0,0,60.44285714,0,0,0
ambient,mowing,Tra_ori,3,8_3,NA,0,0,1,0,0,60.44285714,0,0,0
ambient,mowing,Tra_ori,4,8_3,4,0,0,0,0,0,60.44285714,0,1,0
ambient,mowing,Tra_ori,4,8_3,5,0,0,0,0,0,60.44285714,0,1,0
ambient,mowing,Tra_ori,4,8_3,3,0,0,0,0,0,60.44285714,0,1,0
ambient,mowing,Tra_ori,4,8_3,4,0,0,0,0,0,60.44285714,0,1,0
ambient,mowing,Tra_ori,5,8_3,16,0,0,0,0,0,60.44285714,0,1,0
ambient,mowing,Tra_ori,5,8_3,5,1,0,0,0,0,60.44285714,0,1,0
ambient,mowing,Tra_ori,5,8_3,NA,0,0,1,0,0,60.44285714,0,0,0
ambient,mowing,Tra_ori,6,8_3,NA,0,0,1,0,0,60.44285714,0,0,0
ambient,mowing,Tra_ori,6,8_3,NA,0,0,1,0,0,60.44285714,0,0,0
ambient,mowing,Tra_ori,6,8_3,NA,0,0,0,0,0,60.44285714,0,0,0
ambient,mowing,Tra_ori,7,8_3,NA,0,0,1,0,0,60.44285714,0,0,0
ambient,mowing,Tra_ori,7,8_3,NA,0,0,1,0,0,60.44285714,0,0,0
ambient,mowing,Tra_ori,7,8_3,NA,0,0,0,0,0,60.44285714,0,0,0
ambient,mowing,Tra_ori,8,8_3,NA,0,0,0,0,0,60.44285714,0,0,0
ambient,mowing,Tra_ori,4,5_5,NA,0,0,0,0,0,60.44285714,0,0,0
ambient,mowing,Tra_ori,4,5_5,6,1,0,0,0,0,60.44285714,0,1,0
ambient,mowing,Tra_ori,4,5_5,NA,0,0,0,0,0,60.44285714,0,0,0
ambient,mowing,Tra_ori,5,5_5,13,0,2,0,0,1,60.44285714,1,1,120.8857143
ambient,mowing,Tra_ori,5,5_5,10,1,0,0,0,1,60.44285714,1,1,0
ambient,mowing,Tra_ori,5,5_5,5,1,0,0,0,1,60.44285714,1,1,0
ambient,mowing,Tra_ori,5,5_5,NA,0,0,0,0,1,60.44285714,1,0,0
ambient,mowing,Tra_ori,5,5_5,6,1,0,0,0,1,60.44285714,1,1,0
ambient,mowing,Tra_ori,5,5_5,NA,0,0,0,0,0,60.44285714,0,0,0
ambient,mowing,Tra_ori,5,5_5,NA,0,0,0,0,0,60.44285714,0,0,0
ambient,mowing,Tra_ori,4,5_5,NA,0,0,0,0,0,60.44285714,0,0,0
ambient,mowing,Tra_ori,4,5_5,10,1,0,0,0,0,60.44285714,0,1,0
ambient,mowing,Tra_ori,4,5_5,NA,0,0,0,0,0,60.44285714,0,0,0
ambient,mowing,Tra_ori,6,5_5,6,0,0,0,0,2,60.44285714,2,1,0
ambient,mowing,Tra_ori,6,5_5,NA,0,0,1,0,0,60.44285714,0,0,0
ambient,mowing,Tra_ori,6,5_5,NA,0,0,1,0,0,60.44285714,0,0,0
ambient,mowing,Tra_ori,6,5_5,NA,0,0,1,0,0,60.44285714,0,0,0
ambient,mowing,Tra_ori,6,5_5,NA,0,0,1,0,0,60.44285714,0,0,0
ambient,mowing,Tra_ori,1,1_1,4,1,0,0,0,0,60.44285714,0,1,0
ambient,mowing,Tra_ori,5,8_3,NA,0,0,0,0,1,60.44285714,1,0,0
ambient,mowing,Tra_ori,5,8_3,15,1,0,0,0,1,60.44285714,1,1,0
ambient,mowing,Tra_ori,5,8_3,7,1,0,0,0,1,60.44285714,1,1,0
ambient,mowing,Tra_ori,6,8_3,8,0,0,0,0,0,60.44285714,0,1,0
ambient,mowing,Tra_ori,1,8_3,8,1,0,0,0,0,60.44285714,0,1,0
ambient,mowing,Tra_ori,1,8_3,NA,0,0,0,0,0,60.44285714,0,0,0
ambient,mowing,Tra_ori,1,8_3,NA,0,0,0,0,0,60.44285714,0,0,0
ambient,mowing,Tra_ori,2,8_3,4,0,0,0,0,1,60.44285714,1,1,0
ambient,mowing,Tra_ori,2,8_3,4,1,0,0,0,1,60.44285714,1,1,0
ambient,mowing,Tra_ori,2,5_5,NA,0,0,0,0,3,60.44285714,3,0,0
ambient,mowing,Tra_ori,2,5_5,5,1,0,0,0,3,60.44285714,3,1,0
ambient,mowing,Tra_ori,2,5_5,NA,0,0,0,0,0,60.44285714,0,0,0
ambient,mowing,Tra_ori,2,5_5,NA,0,0,1,0,0,60.44285714,0,0,0
ambient,mowing,Tra_ori,2,5_5,NA,0,0,1,0,0,60.44285714,0,0,0
ambient,mowing,Tra_ori,2,5_5,NA,0,0,1,0,0,60.44285714,0,0,0
ambient,mowing,Tra_ori,3,8_3,6,1,0,0,1,5,60.44285714,6,1,0
ambient,mowing,Tra_ori,3,8_3,4,1,0,0,1,5,60.44285714,6,1,0
ambient,mowing,Tra_ori,4,8_3,NA,0,0,0,0,0,60.44285714,0,0,0
ambient,mowing,Tra_ori,4,8_3,NA,0,0,1,0,0,60.44285714,0,0,0
ambient,mowing,Tra_ori,4,8_3,NA,0,0,1,0,0,60.44285714,0,0,0
ambient,mowing,Tra_ori,3,5_5,NA,0,0,0,1,1,60.44285714,2,0,0
ambient,mowing,Tra_ori,3,5_5,NA,0,0,1,1,1,60.44285714,2,0,0
ambient,mowing,Tra_ori,3,5_5,NA,0,0,1,1,1,60.44285714,2,0,0
ambient,mowing,Tra_ori,3,5_5,NA,0,0,1,1,1,60.44285714,2,0,0
ambient,mowing,Tra_ori,4,5_5,NA,0,0,0,0,0,60.44285714,0,0,0
ambient,mowing,Tra_ori,6,8_3,4,1,0,0,1,0,60.44285714,1,1,0
ambient,mowing,Tra_ori,6,8_3,NA,0,0,0,0,0,60.44285714,0,0,0
ambient,mowing,Tra_ori,7,8_3,7,1,0,0,0,0,60.44285714,0,1,0
ambient,mowing,Tra_ori,7,8_3,4,1,0,0,0,0,60.44285714,0,1,0
ambient,mowing,Tra_ori,7,8_3,NA,0,0,0,0,0,60.44285714,0,0,0
ambient,mowing,Tra_ori,8,8_3,NA,0,0,0,0,0,60.44285714,0,0,0
ambient,mowing,Tra_ori,3,8_3,NA,0,0,0,0,1,60.44285714,1,0,0
ambient,mowing,Tra_ori,3,8_3,6,1,0,0,0,1,60.44285714,1,1,0
ambient,mowing,Tra_ori,3,8_3,NA,0,0,0,0,1,60.44285714,1,0,0
ambient,mowing,Tra_ori,5,5_5,NA,0,0,0,1,0,60.44285714,1,0,0
ambient,mowing,Tra_ori,5,5_5,10,0,0,0,1,0,60.44285714,1,1,0
ambient,mowing,Tra_ori,5,5_5,8,1,0,0,1,0,60.44285714,1,1,0
ambient,mowing,Tra_ori,5,5_5,NA,0,0,0,1,0,60.44285714,1,0,0
ambient,mowing,Tra_ori,5,5_5,4,0,0,0,1,0,60.44285714,1,1,0
ambient,mowing,Tra_ori,5,5_5,NA,0,0,1,1,0,60.44285714,1,0,0
ambient,mowing,Tra_ori,5,5_5,NA,0,0,1,1,0,60.44285714,1,0,0
ambient,mowing,Tra_ori,5,5_5,NA,0,0,1,1,0,60.44285714,1,0,0
ambient,mowing,Tra_ori,6,5_5,NA,0,0,0,1,4,60.44285714,5,0,0
ambient,mowing,Tra_ori,6,5_5,NA,0,0,0,1,4,60.44285714,5,0,0
ambient,mowing,Tra_ori,6,5_5,NA,0,0,0,1,4,60.44285714,5,0,0
ambient,mowing,Tra_ori,6,5_5,4,0,0,0,1,4,60.44285714,5,1,0
ambient,mowing,Tra_ori,6,5_5,3,1,0,0,1,4,60.44285714,5,1,0
ambient,mowing,Tra_ori,6,5_5,4,1,0,0,1,4,60.44285714,5,1,0
ambient,mowing,Tra_ori,8,1_1,3,1,0,0,2,1,60.44285714,3,1,0
ambient,mowing,Tra_ori,6,5_5,4,0,0,0,1,4,60.44285714,5,1,0
ambient,mowing,Tra_ori,3,5_5,NA,0,0,0,0,3,60.44285714,3,0,0
ambient,mowing,Tra_ori,3,5_5,NA,0,0,0,0,0,60.44285714,0,0,0
ambient,mowing,Tra_ori,3,5_5,NA,0,0,0,0,0,60.44285714,0,0,0
ambient,mowing,Tra_ori,3,5_5,NA,0,0,0,0,0,60.44285714,0,0,0
ambient,mowing,Tra_ori,3,5_5,NA,0,0,0,0,0,60.44285714,0,0,0
ambient,mowing,Tra_ori,1,8_3,14,0,1,0,0,0,60.44285714,0,1,60.44285714
ambient,mowing,Tra_ori,1,8_3,NA,0,0,0,0,0,60.44285714,0,0,0
ambient,mowing,Tra_ori,1,8_3,NA,0,0,0,0,0,60.44285714,0,0,0
ambient,mowing,Tra_ori,2,8_3,NA,0,0,0,0,1,60.44285714,1,0,0
ambient,mowing,Tra_ori,2,8_3,5,1,0,0,0,1,60.44285714,1,1,0
ambient,mowing,Tra_ori,8,1_1,NA,0,0,0,0,0,60.44285714,0,0,0
ambient,mowing,Tra_ori,8,1_1,NA,0,0,0,0,0,60.44285714,0,0,0
ambient,mowing,Tra_ori,8,1_1,NA,0,0,0,0,0,60.44285714,0,0,0
ambient,mowing,Tra_ori,8,1_1,NA,0,0,0,0,0,60.44285714,0,0,0
ambient,mowing,Tra_ori,2,10_2,3,0,0,0,0,0,60.44285714,0,1,0
ambient,mowing,Tra_ori,2,10_2,NA,0,0,0,0,0,60.44285714,0,0,0
ambient,mowing,Tra_ori,3,8_3,11,1,0,0,0,0,60.44285714,0,1,0
ambient,mowing,Tra_ori,3,8_3,6,1,0,0,0,0,60.44285714,0,1,0
ambient,mowing,Tra_ori,4,8_3,NA,0,0,0,0,0,60.44285714,0,0,0
ambient,mowing,Tra_ori,4,8_3,11,1,0,0,0,0,60.44285714,0,1,0
ambient,mowing,Tra_ori,2,8_3,NA,0,0,1,0,0,60.44285714,0,0,0
ambient,mowing,Tra_ori,8,1_1,NA,0,0,1,2,0,60.44285714,2,0,0
ambient,mowing,Tra_ori,8,1_1,NA,0,0,1,2,0,60.44285714,2,0,0
ambient,mowing,Tra_ori,8,1_1,NA,0,0,1,2,0,60.44285714,2,0,0
ambient,mowing,Tra_ori,3,8_3,4,0,1,0,0,1,60.44285714,1,1,60.44285714
ambient,mowing,Tra_ori,7,NA,NA,0,0,0,0,0,60.44285714,0,0,0
ambient,mowing,Tra_ori,6,8_3,NA,0,0,0,0,0,60.44285714,0,0,0
ambient,mowing,Tra_ori,7,8_3,9,1,0,0,0,0,60.44285714,0,1,0
ambient,mowing,Tra_ori,7,8_3,5,0,0,0,0,0,60.44285714,0,1,0
ambient,mowing,Tra_ori,7,8_3,NA,0,0,1,0,0,60.44285714,0,0,0
ambient,mowing,Tra_ori,8,8_3,NA,0,0,0,0,1,60.44285714,1,0,0
ambient,mowing,Tra_ori,2,5_5,15,0,3,0,0,1,60.44285714,1,1,181.3285714
ambient,mowing,Tra_ori,2,5_5,4,1,0,0,0,0,60.44285714,0,1,0
ambient,mowing,Tra_ori,2,10_2,NA,0,0,0,0,0,60.44285714,0,0,0
ambient,mowing,Tra_ori,2,10_2,4,0,0,0,0,0,60.44285714,0,1,0
ambient,mowing,Tra_ori,3,10_2,NA,0,0,0,2,2,60.44285714,4,0,0
ambient,mowing,Tra_ori,3,10_2,NA,0,0,0,2,2,60.44285714,4,0,0
ambient,mowing,Tra_ori,3,10_2,5,1,0,0,2,2,60.44285714,4,1,0
ambient,mowing,Tra_ori,3,10_2,6,1,0,0,2,2,60.44285714,4,1,0
ambient,mowing,Tra_ori,2,5_5,NA,0,0,0,0,0,60.44285714,0,0,0
ambient,mowing,Tra_ori,8,8_3,NA,0,0,0,0,1,60.44285714,1,0,0
ambient,mowing,Tra_ori,2,5_5,NA,0,0,0,0,3,60.44285714,3,0,0
ambient,mowing,Tra_ori,1,1_1,NA,0,0,1,0,0,60.44285714,0,0,0
ambient,mowing,Tra_ori,1,3_4,NA,0,0,0,0,0,60.44285714,0,0,0
ambient,mowing,Tra_ori,1,3_4,4,0,0,0,0,0,60.44285714,0,1,0
ambient,mowing,Tra_ori,4,5_5,NA,0,0,0,0,0,60.44285714,0,0,0
ambient,mowing,Tra_ori,4,5_5,NA,0,0,0,0,0,60.44285714,0,0,0
ambient,mowing,Tra_ori,7,10_2,NA,0,0,0,0,0,60.44285714,0,0,0
ambient,mowing,Tra_ori,8,1_1,4,0,0,0,0,1,60.44285714,1,1,0
ambient,mowing,Tra_ori,8,1_1,10,0,0,0,0,1,60.44285714,1,1,0
ambient,mowing,Tra_ori,3,5_5,NA,0,0,0,1,1,60.44285714,2,0,0
ambient,mowing,Tra_ori,4,5_5,NA,0,0,0,0,0,60.44285714,0,0,0
ambient,mowing,Tra_ori,4,5_5,21,0,5,0,0,0,60.44285714,0,1,302.2142857
ambient,mowing,Tra_ori,4,5_5,10,1,4,0,0,0,60.44285714,0,1,241.7714286
ambient,mowing,Tra_ori,1,1_1,NA,0,0,0,0,0,60.44285714,0,0,0
ambient,mowing,Tra_ori,3,10_2,NA,0,0,0,0,0,60.44285714,0,0,0
ambient,mowing,Tra_ori,3,10_2,NA,0,0,0,1,0,60.44285714,1,0,0
ambient,mowing,Tra_ori,3,10_2,NA,0,0,0,1,0,60.44285714,1,0,0
ambient,mowing,Tra_ori,3,10_2,3,1,0,0,1,0,60.44285714,1,1,0
ambient,mowing,Tra_ori,3,10_2,5,1,0,0,1,0,60.44285714,1,1,0
ambient,mowing,Tra_ori,8,1_1,NA,0,0,1,2,0,60.44285714,2,0,0
ambient,mowing,Tra_ori,2,8_3,6,1,0,0,0,1,60.44285714,1,1,0
ambient,mowing,Tra_ori,4,5_5,NA,0,0,0,0,0,60.44285714,0,0,0
ambient,mowing,Tra_ori,4,5_5,4,1,0,0,0,0,60.44285714,0,1,0
ambient,mowing,Tra_ori,2,10_2,NA,0,0,0,0,1,60.44285714,1,0,0
ambient,mowing,Tra_ori,2,10_2,NA,0,0,1,0,0,60.44285714,0,0,0
ambient,mowing,Tra_ori,7,NA,NA,0,0,0,0,0,60.44285714,0,0,0
ambient,mowing,Tra_ori,1,5_5,8,0,0,0,0,1,60.44285714,1,1,0
ambient,mowing,Tra_ori,8,1_1,NA,0,0,1,2,0,60.44285714,2,0,0
ambient,mowing,Tra_ori,1,1_1,8,1,0,0,0,0,60.44285714,0,1,0
ambient,mowing,Tra_ori,4,8_3,NA,0,0,0,0,0,60.44285714,0,0,0
ambient,mowing,Tra_ori,4,8_3,11,1,0,0,0,0,60.44285714,0,1,0
ambient,mowing,Tra_ori,2,3_4,10,1,0,0,0,0,60.44285714,0,1,0
ambient,mowing,Tra_ori,2,3_4,4,1,0,0,0,0,60.44285714,0,1,0
ambient,mowing,Tra_ori,2,5_5,NA,0,0,0,0,0,60.44285714,0,0,0
ambient,mowing,Tra_ori,6,8_3,8,1,0,0,0,0,60.44285714,0,1,0
ambient,mowing,Tra_ori,6,8_3,NA,0,0,1,0,0,60.44285714,0,0,0
ambient,mowing,Tra_ori,7,8_3,11,0,0,0,0,1,60.44285714,1,1,0
ambient,mowing,Tra_ori,7,8_3,NA,0,0,0,0,0,60.44285714,0,0,0
ambient,mowing,Tra_ori,7,8_3,4,1,0,0,0,0,60.44285714,0,1,0
ambient,mowing,Tra_ori,3,10_2,NA,0,0,0,0,0,60.44285714,0,0,0
ambient,mowing,Tra_ori,1,5_5,3,0,0,0,0,1,60.44285714,1,1,0
ambient,mowing,Tra_ori,3,10_2,4,1,0,0,0,0,60.44285714,0,1,0
ambient,mowing,Tra_ori,4,5_5,NA,0,0,0,0,0,60.44285714,0,0,0
ambient,mowing,Tra_ori,4,5_5,NA,0,0,0,0,0,60.44285714,0,0,0
ambient,mowing,Tra_ori,8,1_1,NA,0,0,0,2,0,60.44285714,2,0,0
ambient,mowing,Tra_ori,8,1_1,NA,0,0,0,2,0,60.44285714,2,0,0
ambient,mowing,Tra_ori,2,3_4,NA,0,0,1,0,0,60.44285714,0,0,0
ambient,mowing,Tra_ori,3,3_4,4,1,0,0,0,0,60.44285714,0,1,0
ambient,mowing,Tra_ori,2,5_5,NA,0,0,1,0,0,60.44285714,0,0,0
ambient,mowing,Tra_ori,7,10_2,5,1,0,0,0,0,60.44285714,0,1,0
ambient,mowing,Tra_ori,4,5_5,17,0,6,0,0,0,60.44285714,0,1,362.6571429
ambient,mowing,Tra_ori,2,5_5,NA,0,0,0,0,0,60.44285714,0,0,0
ambient,mowing,Tra_ori,2,5_5,NA,0,0,0,0,0,60.44285714,0,0,0
ambient,mowing,Tra_ori,2,5_5,11,0,1,0,0,1,60.44285714,1,1,60.44285714
ambient,mowing,Tra_ori,1,5_5,22,0,0,0,0,0,60.44285714,0,1,0
ambient,mowing,Tra_ori,3,10_2,6,1,0,0,0,0,60.44285714,0,1,0
ambient,mowing,Tra_ori,1,5_5,8,1,0,0,0,0,60.44285714,0,1,0
ambient,mowing,Tra_ori,2,8_3,5,1,0,0,0,1,60.44285714,1,1,0
ambient,mowing,Tra_ori,8,1_1,NA,0,0,0,0,0,60.44285714,0,0,0
ambient,mowing,Tra_ori,8,1_1,NA,0,0,0,0,0,60.44285714,0,0,0
ambient,mowing,Tra_ori,4,5_5,NA,0,0,0,0,0,60.44285714,0,0,0
ambient,mowing,Tra_ori,1,5_5,NA,0,0,0,0,1,60.44285714,1,0,0
ambient,mowing,Tra_ori,7,NA,NA,0,0,1,0,0,60.44285714,0,0,0
ambient,mowing,Tra_ori,2,5_5,NA,0,0,0,0,0,60.44285714,0,0,0
ambient,mowing,Tra_ori,1,5_5,NA,0,0,0,0,1,60.44285714,1,0,0
ambient,mowing,Tra_ori,8,1_1,NA,0,0,0,0,0,60.44285714,0,0,0
ambient,mowing,Tra_ori,8,1_1,NA,0,0,0,0,0,60.44285714,0,0,0
ambient,mowing,Tra_ori,8,1_1,NA,0,0,0,2,0,60.44285714,2,0,0
ambient,mowing,Tra_ori,1,5_5,13,0,0,0,0,0,60.44285714,0,1,0
ambient,mowing,Tra_ori,4,5_5,NA,0,0,0,0,0,60.44285714,0,0,0
ambient,mowing,Tra_ori,7,NA,NA,0,0,1,0,0,60.44285714,0,0,0
ambient,mowing,Tra_ori,7,10_2,17,0,2,0,0,0,60.44285714,0,1,120.8857143
ambient,mowing,Tra_ori,8,1_1,NA,0,0,0,0,0,60.44285714,0,0,0
ambient,mowing,Tra_ori,3,8_3,13,1,0,0,0,1,60.44285714,1,1,0
ambient,mowing,Tra_ori,1,5_5,22,1,0,0,0,0,60.44285714,0,1,0
ambient,mowing,Tra_ori,4,8_3,14,0,1,0,0,0,60.44285714,0,1,60.44285714
ambient,mowing,Tra_ori,4,5_5,18,0,3,0,0,0,60.44285714,0,1,181.3285714
ambient,mowing,Tra_ori,1,8_3,NA,0,0,0,0,0,60.44285714,0,0,0
ambient,mowing,Tra_ori,4,5_5,NA,0,0,0,0,0,60.44285714,0,0,0
ambient,mowing,Tra_ori,4,5_5,16,0,1,0,0,0,60.44285714,0,1,60.44285714
ambient,mowing,Tra_ori,8,1_1,NA,0,0,1,2,0,60.44285714,2,0,0
ambient,mowing,Tra_ori,2,5_5,NA,0,0,0,0,0,60.44285714,0,0,0
ambient,mowing,Tra_ori,2,5_5,NA,0,0,1,0,0,60.44285714,0,0,0
ambient,mowing,Tra_ori,3,8_3,9,1,0,0,0,1,60.44285714,1,1,0
ambient,mowing,Tra_ori,2,5_5,NA,0,0,0,0,0,60.44285714,0,0,0
ambient,mowing,Tra_ori,2,5_5,NA,0,0,1,0,0,60.44285714,0,0,0
ambient,mowing,Tra_ori,1,8_3,NA,0,0,0,0,0,60.44285714,0,0,0
ambient,mowing,Tra_ori,4,8_3,NA,0,0,0,0,0,60.44285714,0,0,0
ambient,mowing,Tra_ori,8,1_1,NA,0,0,1,2,0,60.44285714,2,0,0
ambient,mowing,Tra_ori,2,8_3,NA,0,0,0,0,1,60.44285714,1,0,0
ambient,mowing,Tra_ori,1,8_3,NA,0,0,0,0,0,60.44285714,0,0,0
ambient,mowing,Tra_ori,8,1_1,NA,0,0,1,2,0,60.44285714,2,0,0
future,grazing,Tra_ori,1,2_2,6,1,0,0,0,0,58,0,1,0
future,grazing,Tra_ori,1,2_2,NA,0,0,0,0,0,58,0,0,0
future,grazing,Tra_ori,4,7_3,4,1,0,0,0,0,58,0,1,0
future,grazing,Tra_ori,1,2_2,NA,0,0,0,0,0,58,0,0,0
future,grazing,Tra_ori,2,2_2,NA,0,0,0,0,0,58,0,0,0
future,grazing,Tra_ori,1,7_3,NA,0,0,0,0,0,58,0,0,0
future,grazing,Tra_ori,1,7_3,NA,0,0,0,0,0,58,0,0,0
future,grazing,Tra_ori,1,7_3,NA,0,0,0,0,0,58,0,0,0
future,grazing,Tra_ori,1,2_2,4,1,0,0,0,0,58,0,1,0
future,grazing,Tra_ori,4,7_3,3,1,0,0,0,0,58,0,1,0
future,grazing,Tra_ori,1,7_3,NA,0,0,0,0,0,58,0,0,0
future,grazing,Tra_ori,6,4_5,NA,0,0,1,0,0,58,0,0,0
future,grazing,Tra_ori,5,7_3,NA,0,0,1,0,0,58,0,0,0
future,grazing,Tra_ori,4,2_2,NA,0,0,0,0,0,58,0,0,0
future,grazing,Tra_ori,6,2_2,NA,0,0,0,0,0,58,0,0,0
future,grazing,Tra_ori,1,7_3,NA,0,0,0,0,0,58,0,0,0
future,grazing,Tra_ori,8,4_5,11,0,0,0,0,0,58,0,1,0
future,grazing,Tra_ori,1,7_3,NA,0,0,0,0,0,58,0,0,0
future,grazing,Tra_ori,6,4_5,NA,0,0,1,0,0,58,0,0,0
future,grazing,Tra_ori,6,4_5,NA,0,0,1,0,0,58,0,0,0
future,grazing,Tra_ori,6,4_5,3,0,0,0,0,0,58,0,1,0
future,grazing,Tra_ori,6,4_5,NA,0,0,1,0,0,58,0,0,0
future,grazing,Tra_ori,5,4_5,NA,0,0,0,0,0,58,0,0,0
future,grazing,Tra_ori,6,4_5,NA,0,0,0,0,0,58,0,0,0
future,grazing,Tra_ori,5,7_3,NA,0,0,0,0,0,58,0,0,0
future,grazing,Tra_ori,3,2_2,NA,0,0,0,0,0,58,0,0,0
future,grazing,Tra_ori,3,2_2,NA,0,0,0,0,0,58,0,0,0
future,grazing,Tra_ori,4,7_3,3,0,0,0,0,0,58,0,1,0
future,grazing,Tra_ori,1,7_3,4,0,0,0,0,0,58,0,1,0
future,grazing,Tra_ori,5,7_3,4,0,0,0,0,1,58,1,1,0
future,grazing,Tra_ori,1,2_2,NA,0,0,0,0,0,58,0,0,0
future,grazing,Tra_ori,1,2_2,NA,0,0,0,0,0,58,0,0,0
future,grazing,Tra_ori,1,2_2,5,0,0,0,0,0,58,0,1,0
future,grazing,Tra_ori,1,2_2,5,0,0,0,0,0,58,0,1,0
future,grazing,Tra_ori,3,4_5,NA,0,0,1,0,0,58,0,0,0
future,grazing,Tra_ori,4,7_3,NA,0,0,0,0,0,58,0,0,0
future,grazing,Tra_ori,3,2_2,NA,0,0,0,0,0,58,0,0,0
future,grazing,Tra_ori,3,2_2,NA,0,0,0,0,0,58,0,0,0
future,grazing,Tra_ori,5,7_3,NA,0,0,0,0,0,58,0,0,0
future,grazing,Tra_ori,5,7_3,NA,0,0,0,0,0,58,0,0,0
future,grazing,Tra_ori,5,7_3,14,1,0,0,0,0,58,0,1,0
future,grazing,Tra_ori,4,7_3,2,1,0,0,0,0,58,0,1,0
future,grazing,Tra_ori,6,2_2,NA,0,0,0,0,0,58,0,0,0
future,grazing,Tra_ori,1,7_3,NA,0,0,0,0,0,58,0,0,0
future,grazing,Tra_ori,6,4_5,NA,0,0,0,0,0,58,0,0,0
future,grazing,Tra_ori,6,6_1,4,1,0,0,0,0,58,0,1,0
future,grazing,Tra_ori,8,6_1,NA,0,0,0,1,0,58,1,0,0
future,grazing,Tra_ori,2,2_2,3,0,0,0,0,0,58,0,1,0
future,grazing,Tra_ori,3,2_2,3,1,0,0,1,0,58,1,1,0
future,grazing,Tra_ori,6,4_5,NA,0,0,1,0,0,58,0,0,0
future,grazing,Tra_ori,6,4_5,NA,0,0,1,0,0,58,0,0,0
future,grazing,Tra_ori,6,4_5,NA,0,0,0,0,0,58,0,0,0
future,grazing,Tra_ori,8,4_5,NA,0,0,1,0,0,58,0,0,0
future,grazing,Tra_ori,1,7_3,NA,0,0,0,0,0,58,0,0,0
future,grazing,Tra_ori,6,4_5,NA,0,0,0,0,0,58,0,0,0
future,grazing,Tra_ori,4,7_3,NA,0,0,0,0,0,58,0,0,0
future,grazing,Tra_ori,4,7_3,3,1,0,0,0,0,58,0,1,0
future,grazing,Tra_ori,4,7_3,4,1,0,0,0,0,58,0,1,0
future,grazing,Tra_ori,5,7_3,NA,0,0,0,0,0,58,0,0,0
future,grazing,Tra_ori,5,7_3,NA,0,0,0,0,0,58,0,0,0
future,grazing,Tra_ori,6,4_5,4,0,0,0,0,0,58,0,1,0
future,grazing,Tra_ori,6,4_5,5,1,0,0,0,0,58,0,1,0
future,grazing,Tra_ori,6,4_5,NA,0,0,0,0,0,58,0,0,0
future,grazing,Tra_ori,4,9_4,4,0,0,0,0,1,58,1,1,0
future,grazing,Tra_ori,6,9_4,6,1,0,0,0,0,58,0,1,0
future,grazing,Tra_ori,1,7_3,5,0,0,0,0,0,58,0,1,0
future,grazing,Tra_ori,1,7_3,3,0,0,0,0,0,58,0,1,0
future,grazing,Tra_ori,2,4_5,NA,0,0,0,0,0,58,0,0,0
future,grazing,Tra_ori,3,4_5,NA,0,0,0,0,0,58,0,0,0
future,grazing,Tra_ori,4,7_3,NA,0,0,1,0,0,58,0,0,0
future,grazing,Tra_ori,5,7_3,4,0,0,0,0,1,58,1,1,0
future,grazing,Tra_ori,4,9_4,NA,0,0,0,0,0,58,0,0,0
future,grazing,Tra_ori,4,9_4,NA,0,0,0,0,0,58,0,0,0
future,grazing,Tra_ori,6,9_4,7,0,0,0,0,0,58,0,1,0
future,grazing,Tra_ori,2,2_2,NA,0,0,0,0,0,58,0,0,0
future,grazing,Tra_ori,6,4_5,6,0,0,0,0,0,58,0,1,0
future,grazing,Tra_ori,6,6_1,NA,0,0,1,0,0,58,0,0,0
future,grazing,Tra_ori,8,6_1,NA,0,0,0,0,0,58,0,0,0
future,grazing,Tra_ori,4,2_2,NA,0,0,0,0,0,58,0,0,0
future,grazing,Tra_ori,6,2_2,NA,0,0,0,0,0,58,0,0,0
future,grazing,Tra_ori,6,2_2,NA,0,0,0,0,0,58,0,0,0
future,grazing,Tra_ori,6,4_5,6,0,0,0,0,0,58,0,1,0
future,grazing,Tra_ori,8,4_5,NA,0,0,0,0,0,58,0,0,0
future,grazing,Tra_ori,5,4_5,12,0,0,0,0,0,58,0,1,0
future,grazing,Tra_ori,1,9_4,NA,0,0,0,0,0,58,0,0,0
future,grazing,Tra_ori,2,9_4,NA,0,0,0,1,1,58,2,0,0
future,grazing,Tra_ori,1,7_3,NA,0,0,0,0,0,58,0,0,0
future,grazing,Tra_ori,4,7_3,NA,0,0,0,0,0,58,0,0,0
future,grazing,Tra_ori,4,7_3,5,1,0,0,0,0,58,0,1,0
future,grazing,Tra_ori,3,2_2,3,0,0,0,1,0,58,1,1,0
future,grazing,Tra_ori,4,2_2,10,0,0,0,0,0,58,0,1,0
future,grazing,Tra_ori,6,2_2,4,0,0,0,0,0,58,0,1,0
future,grazing,Tra_ori,6,2_2,3,1,0,0,0,0,58,0,1,0
future,grazing,Tra_ori,3,4_5,NA,0,0,0,0,0,58,0,0,0
future,grazing,Tra_ori,5,4_5,NA,0,0,0,0,0,58,0,0,0
future,grazing,Tra_ori,6,4_5,NA,0,0,0,0,0,58,0,0,0
future,grazing,Tra_ori,6,4_5,5,1,0,0,0,0,58,0,1,0
future,grazing,Tra_ori,6,4_5,10,1,0,0,0,0,58,0,1,0
future,grazing,Tra_ori,6,4_5,4,1,0,0,0,0,58,0,1,0
future,grazing,Tra_ori,6,4_5,4,1,0,0,0,0,58,0,1,0
future,grazing,Tra_ori,3,4_5,NA,0,0,0,0,0,58,0,0,0
future,grazing,Tra_ori,3,4_5,4,1,0,0,0,0,58,0,1,0
future,grazing,Tra_ori,1,6_1,NA,0,0,0,0,0,58,0,0,0
future,grazing,Tra_ori,2,6_1,NA,0,0,0,0,0,58,0,0,0
future,grazing,Tra_ori,2,6_1,8,0,0,0,0,0,58,0,1,0
future,grazing,Tra_ori,1,9_4,6,0,0,0,0,0,58,0,1,0
future,grazing,Tra_ori,2,9_4,NA,0,0,0,1,0,58,1,0,0
future,grazing,Tra_ori,2,9_4,NA,0,0,0,0,0,58,0,0,0
future,grazing,Tra_ori,2,9_4,3,0,0,0,1,0,58,1,1,0
future,grazing,Tra_ori,3,4_5,NA,0,0,0,0,0,58,0,0,0
future,grazing,Tra_ori,3,4_5,5,0,0,0,0,0,58,0,1,0
future,grazing,Tra_ori,3,4_5,4,0,0,0,0,0,58,0,1,0
future,grazing,Tra_ori,5,4_5,NA,0,0,0,0,0,58,0,0,0
future,grazing,Tra_ori,6,4_5,NA,0,0,0,0,0,58,0,0,0
future,grazing,Tra_ori,6,4_5,NA,0,0,0,0,0,58,0,0,0
future,grazing,Tra_ori,1,4_5,7,1,0,0,0,0,58,0,1,0
future,grazing,Tra_ori,1,4_5,NA,0,0,1,0,0,58,0,0,0
future,grazing,Tra_ori,1,4_5,NA,0,0,1,0,0,58,0,0,0
future,grazing,Tra_ori,6,4_5,7,0,0,0,0,0,58,0,1,0
future,grazing,Tra_ori,6,4_5,8,0,0,0,0,0,58,0,1,0
future,grazing,Tra_ori,6,4_5,NA,0,0,0,0,0,58,0,0,0
future,grazing,Tra_ori,6,4_5,3,0,0,0,0,0,58,0,1,0
future,grazing,Tra_ori,4,9_4,NA,0,0,0,0,0,58,0,0,0
future,grazing,Tra_ori,4,9_4,NA,0,0,0,0,0,58,0,0,0
future,grazing,Tra_ori,1,2_2,6,0,0,0,1,1,58,2,1,0
future,grazing,Tra_ori,1,2_2,8,0,0,0,1,1,58,2,1,0
future,grazing,Tra_ori,1,2_2,3,1,0,0,1,1,58,2,1,0
future,grazing,Tra_ori,1,2_2,NA,0,0,0,0,0,58,0,0,0
future,grazing,Tra_ori,1,4_5,NA,0,0,0,0,0,58,0,0,0
future,grazing,Tra_ori,4,7_3,5,1,0,0,0,0,58,0,1,0
future,grazing,Tra_ori,5,7_3,NA,0,0,0,0,0,58,0,0,0
future,grazing,Tra_ori,5,7_3,NA,0,0,0,0,0,58,0,0,0
future,grazing,Tra_ori,5,7_3,7,0,0,0,0,0,58,0,1,0
future,grazing,Tra_ori,4,9_4,NA,0,0,0,0,0,58,0,0,0
future,grazing,Tra_ori,4,9_4,NA,0,0,0,0,0,58,0,0,0
future,grazing,Tra_ori,2,6_1,7,1,0,0,0,0,58,0,1,0
future,grazing,Tra_ori,1,9_4,4,1,0,0,1,0,58,1,1,0
future,grazing,Tra_ori,2,9_4,9,0,0,0,0,0,58,0,1,0
future,grazing,Tra_ori,2,9_4,NA,0,0,0,0,0,58,0,0,0
future,grazing,Tra_ori,3,4_5,NA,0,0,0,0,0,58,0,0,0
future,grazing,Tra_ori,3,9_4,4,1,0,0,1,0,58,1,1,0
future,grazing,Tra_ori,3,9_4,NA,0,0,0,0,0,58,0,0,0
future,grazing,Tra_ori,4,9_4,4,0,0,0,0,0,58,0,1,0
future,grazing,Tra_ori,4,9_4,5,0,0,0,0,0,58,0,1,0
future,grazing,Tra_ori,1,4_5,NA,0,0,0,1,0,58,1,0,0
future,grazing,Tra_ori,1,4_5,NA,0,0,0,1,0,58,1,0,0
future,grazing,Tra_ori,1,4_5,NA,0,0,0,1,0,58,1,0,0
future,grazing,Tra_ori,1,4_5,3,1,0,0,1,0,58,1,1,0
future,grazing,Tra_ori,8,9_4,16,0,0,0,0,0,58,0,1,0
future,grazing,Tra_ori,3,9_4,4,1,0,0,0,0,58,0,1,0
future,grazing,Tra_ori,3,9_4,NA,0,0,0,0,0,58,0,0,0
future,grazing,Tra_ori,4,9_4,NA,0,0,0,0,0,58,0,0,0
future,grazing,Tra_ori,6,4_5,4,1,0,0,0,0,58,0,1,0
future,grazing,Tra_ori,6,4_5,NA,0,0,1,0,0,58,0,0,0
future,grazing,Tra_ori,8,4_5,NA,0,0,0,0,0,58,0,0,0
future,grazing,Tra_ori,1,9_4,NA,0,0,0,0,0,58,0,0,0
future,grazing,Tra_ori,2,9_4,NA,0,0,0,0,1,58,1,0,0
future,grazing,Tra_ori,6,4_5,15,0,0,0,0,0,58,0,1,0
future,grazing,Tra_ori,8,9_4,NA,0,0,0,0,0,58,0,0,0
future,grazing,Tra_ori,1,4_5,NA,0,0,0,0,0,58,0,0,0
future,grazing,Tra_ori,2,4_5,NA,0,0,1,0,0,58,0,0,0
future,grazing,Tra_ori,3,4_5,4,1,0,0,0,0,58,0,1,0
future,grazing,Tra_ori,3,4_5,NA,0,0,0,0,0,58,0,0,0
future,grazing,Tra_ori,3,4_5,NA,0,0,0,0,0,58,0,0,0
future,grazing,Tra_ori,4,9_4,NA,0,0,0,0,0,58,0,0,0
future,grazing,Tra_ori,1,4_5,21,0,3,0,0,0,58,0,1,174
future,grazing,Tra_ori,1,4_5,4,0,0,0,0,0,58,0,1,0
future,grazing,Tra_ori,1,4_5,4,0,0,0,0,0,58,0,1,0
future,grazing,Tra_ori,2,9_4,NA,0,0,0,1,1,58,2,0,0
future,grazing,Tra_ori,2,9_4,NA,0,0,0,1,1,58,2,0,0
future,grazing,Tra_ori,3,9_4,5,1,0,0,0,0,58,0,1,0
future,grazing,Tra_ori,3,9_4,NA,0,0,1,0,0,58,0,0,0
future,grazing,Tra_ori,4,9_4,NA,0,0,0,0,0,58,0,0,0
future,grazing,Tra_ori,3,4_5,NA,0,0,1,0,0,58,0,0,0
future,grazing,Tra_ori,1,6_1,NA,0,0,0,0,0,58,0,0,0
future,grazing,Tra_ori,1,4_5,NA,0,0,0,0,0,58,0,0,0
future,grazing,Tra_ori,1,4_5,NA,0,0,0,0,0,58,0,0,0
future,grazing,Tra_ori,1,4_5,NA,0,0,0,0,0,58,0,0,0
future,grazing,Tra_ori,1,4_5,NA,0,0,1,0,0,58,0,0,0
future,grazing,Tra_ori,2,9_4,NA,0,0,1,0,0,58,0,0,0
future,grazing,Tra_ori,2,2_2,NA,0,0,0,0,0,58,0,0,0
future,grazing,Tra_ori,3,2_2,3,0,0,0,0,0,58,0,1,0
future,grazing,Tra_ori,3,2_2,NA,0,0,0,0,0,58,0,0,0
future,grazing,Tra_ori,4,2_2,NA,0,0,0,0,0,58,0,0,0
future,grazing,Tra_ori,6,2_2,14,0,0,0,0,0,58,0,1,0
future,grazing,Tra_ori,3,4_5,9,0,0,0,0,0,58,0,1,0
future,grazing,Tra_ori,6,9_4,3,0,0,0,0,0,58,0,1,0
future,grazing,Tra_ori,7,9_4,7,0,0,0,0,0,58,0,1,0
future,grazing,Tra_ori,6,4_5,4,1,0,0,0,0,58,0,1,0
future,grazing,Tra_ori,6,4_5,19,1,0,0,0,0,58,0,1,0
future,grazing,Tra_ori,6,4_5,10,1,0,0,0,0,58,0,1,0
future,grazing,Tra_ori,6,4_5,7,1,0,0,0,0,58,0,1,0
future,grazing,Tra_ori,6,4_5,NA,0,0,0,0,0,58,0,0,0
future,grazing,Tra_ori,2,6_1,NA,0,0,0,0,0,58,0,0,0
future,grazing,Tra_ori,2,6_1,4,1,0,0,0,0,58,0,1,0
future,grazing,Tra_ori,1,6_1,19,0,0,0,0,0,58,0,1,0
future,grazing,Tra_ori,2,6_1,5,0,0,0,1,0,58,1,1,0
future,grazing,Tra_ori,2,6_1,3,1,0,0,1,0,58,1,1,0
future,grazing,Tra_ori,6,2_2,NA,0,0,0,0,0,58,0,0,0
future,grazing,Tra_ori,2,9_4,NA,0,0,0,0,1,58,1,0,0
future,grazing,Tra_ori,2,9_4,NA,0,0,0,0,0,58,0,0,0
future,grazing,Tra_ori,3,9_4,3,1,0,0,0,0,58,0,1,0
future,grazing,Tra_ori,3,9_4,NA,0,0,0,0,0,58,0,0,0
future,grazing,Tra_ori,1,2_2,NA,0,0,0,0,0,58,0,0,0
future,grazing,Tra_ori,3,4_5,NA,0,0,0,0,0,58,0,0,0
future,grazing,Tra_ori,1,6_1,NA,0,0,0,0,0,58,0,0,0
future,grazing,Tra_ori,8,6_1,NA,0,0,0,0,1,58,1,0,0
future,grazing,Tra_ori,2,4_5,NA,0,0,0,0,0,58,0,0,0
future,grazing,Tra_ori,7,9_4,NA,0,0,0,0,0,58,0,0,0
future,grazing,Tra_ori,8,9_4,NA,0,0,0,0,0,58,0,0,0
future,grazing,Tra_ori,2,4_5,4,0,0,0,0,0,58,0,1,0
future,grazing,Tra_ori,7,9_4,NA,0,0,0,0,0,58,0,0,0
future,grazing,Tra_ori,3,4_5,NA,0,0,0,0,0,58,0,0,0
future,grazing,Tra_ori,1,2_2,NA,0,0,0,0,0,58,0,0,0
future,grazing,Tra_ori,6,4_5,NA,0,0,0,0,0,58,0,0,0
future,grazing,Tra_ori,2,6_1,NA,0,0,0,0,0,58,0,0,0
future,grazing,Tra_ori,8,6_1,NA,0,0,0,0,0,58,0,0,0
future,grazing,Tra_ori,6,9_4,NA,0,0,0,0,0,58,0,0,0
future,grazing,Tra_ori,6,6_1,10,1,0,0,0,0,58,0,1,0
future,grazing,Tra_ori,7,9_4,NA,0,0,0,0,0,58,0,0,0
future,grazing,Tra_ori,6,9_4,NA,0,0,0,0,0,58,0,0,0
future,grazing,Tra_ori,8,9_4,NA,0,0,0,0,0,58,0,0,0
future,grazing,Tra_ori,6,9_4,NA,0,0,0,0,0,58,0,0,0
future,grazing,Tra_ori,6,9_4,NA,0,0,0,0,0,58,0,0,0
future,grazing,Tra_ori,6,6_1,9,1,0,0,1,0,58,1,1,0
future,grazing,Tra_ori,1,2_2,NA,0,0,1,0,0,58,0,0,0
future,grazing,Tra_ori,6,9_4,NA,0,0,0,0,0,58,0,0,0
future,grazing,Tra_ori,1,2_2,3,1,0,0,0,0,58,0,1,0
future,mowing,Tra_ori,4,6_3,NA,0,0,0,0,0,52.47540984,0,0,0
future,mowing,Tra_ori,1,2_5,3,1,0,0,0,0,52.47540984,0,1,0
future,mowing,Tra_ori,3,4_4,4,0,0,0,0,0,52.47540984,0,1,0
future,mowing,Tra_ori,3,7_2,5,1,0,0,0,0,52.47540984,0,1,0
future,mowing,Tra_ori,7,2_5,NA,0,0,0,0,0,52.47540984,0,0,0
future,mowing,Tra_ori,4,6_3,NA,0,0,0,0,0,52.47540984,0,0,0
future,mowing,Tra_ori,3,4_4,4,0,0,0,0,0,52.47540984,0,1,0
future,mowing,Tra_ori,5,6_3,NA,0,0,0,0,0,52.47540984,0,0,0
future,mowing,Tra_ori,3,7_2,NA,0,0,0,0,0,52.47540984,0,0,0
future,mowing,Tra_ori,1,6_3,4,0,0,0,0,0,52.47540984,0,1,0
future,mowing,Tra_ori,6,2_5,NA,0,0,0,0,0,52.47540984,0,0,0
future,mowing,Tra_ori,8,4_4,NA,0,0,1,0,0,52.47540984,0,0,0
future,mowing,Tra_ori,3,6_3,NA,0,0,1,1,0,52.47540984,1,0,0
future,mowing,Tra_ori,4,6_3,3,1,0,0,0,0,52.47540984,0,1,0
future,mowing,Tra_ori,4,6_3,NA,0,0,1,0,0,52.47540984,0,0,0
future,mowing,Tra_ori,3,6_3,NA,0,0,0,1,0,52.47540984,1,0,0
future,mowing,Tra_ori,6,2_5,6,0,0,0,0,0,52.47540984,0,1,0
future,mowing,Tra_ori,6,2_5,NA,0,0,0,0,0,52.47540984,0,0,0
future,mowing,Tra_ori,8,2_5,NA,0,0,0,0,0,52.47540984,0,0,0
future,mowing,Tra_ori,6,2_5,54,0,0,0,0,0,52.47540984,0,1,0
future,mowing,Tra_ori,1,6_3,NA,0,0,0,0,0,52.47540984,0,0,0
future,mowing,Tra_ori,3,6_3,NA,0,0,0,0,0,52.47540984,0,0,0
future,mowing,Tra_ori,3,6_3,5,1,0,0,0,0,52.47540984,0,1,0
future,mowing,Tra_ori,4,6_3,4,1,0,0,0,0,52.47540984,0,1,0
future,mowing,Tra_ori,4,6_3,3,0,0,0,0,7,52.47540984,7,1,0
future,mowing,Tra_ori,4,6_3,NA,0,0,0,0,0,52.47540984,0,0,0
future,mowing,Tra_ori,1,2_5,12,1,0,0,0,0,52.47540984,0,1,0
future,mowing,Tra_ori,1,2_5,15,1,0,0,0,0,52.47540984,0,1,0
future,mowing,Tra_ori,7,2_5,NA,0,0,0,0,1,52.47540984,1,0,0
future,mowing,Tra_ori,8,2_5,NA,0,0,1,0,0,52.47540984,0,0,0
future,mowing,Tra_ori,4,6_3,NA,0,0,0,0,0,52.47540984,0,0,0
future,mowing,Tra_ori,7,4_4,8,0,2,0,0,0,52.47540984,0,1,104.9508197
future,mowing,Tra_ori,2,7_2,NA,0,0,0,0,0,52.47540984,0,0,0
future,mowing,Tra_ori,2,4_4,4,0,0,0,0,0,52.47540984,0,1,0
future,mowing,Tra_ori,2,4_4,3,0,0,0,0,0,52.47540984,0,1,0
future,mowing,Tra_ori,2,4_4,3,0,0,0,0,0,52.47540984,0,1,0
future,mowing,Tra_ori,3,4_4,13,0,2,0,0,0,52.47540984,0,1,104.9508197
future,mowing,Tra_ori,2,2_5,NA,0,0,0,0,0,52.47540984,0,0,0
future,mowing,Tra_ori,3,2_5,NA,0,0,0,0,0,52.47540984,0,0,0
future,mowing,Tra_ori,4,2_5,25,0,5,0,0,0,52.47540984,0,1,262.3770492
future,mowing,Tra_ori,6,2_5,5,0,0,0,0,0,52.47540984,0,1,0
future,mowing,Tra_ori,6,2_5,3,0,0,0,0,0,52.47540984,0,1,0
future,mowing,Tra_ori,1,4_4,5,1,0,0,0,1,52.47540984,1,1,0
future,mowing,Tra_ori,2,4_4,NA,0,0,0,0,0,52.47540984,0,0,0
future,mowing,Tra_ori,2,4_4,NA,0,0,0,0,0,52.47540984,0,0,0
future,mowing,Tra_ori,8,4_4,3,1,0,0,0,0,52.47540984,0,1,0
future,mowing,Tra_ori,3,4_4,NA,0,0,0,0,0,52.47540984,0,0,0
future,mowing,Tra_ori,3,4_4,NA,0,0,0,0,0,52.47540984,0,0,0
future,mowing,Tra_ori,3,4_4,NA,0,0,0,0,0,52.47540984,0,0,0
future,mowing,Tra_ori,4,4_4,NA,0,0,0,0,0,52.47540984,0,0,0
future,mowing,Tra_ori,4,4_4,10,1,0,0,0,0,52.47540984,0,1,0
future,mowing,Tra_ori,6,2_5,NA,0,0,0,0,0,52.47540984,0,0,0
future,mowing,Tra_ori,6,2_5,NA,0,0,0,0,0,52.47540984,0,0,0
future,mowing,Tra_ori,6,2_5,NA,0,0,0,0,0,52.47540984,0,0,0
future,mowing,Tra_ori,6,2_5,NA,0,0,0,0,0,52.47540984,0,0,0
future,mowing,Tra_ori,7,4_4,NA,0,0,0,0,0,52.47540984,0,0,0
future,mowing,Tra_ori,8,4_4,10,0,0,0,0,1,52.47540984,1,1,0
future,mowing,Tra_ori,8,4_4,3,0,0,0,0,0,52.47540984,0,1,0
future,mowing,Tra_ori,2,4_4,NA,0,0,0,0,0,52.47540984,0,0,0
future,mowing,Tra_ori,5,6_3,8,0,0,0,0,0,52.47540984,0,1,0
future,mowing,Tra_ori,6,2_5,NA,0,0,0,0,0,52.47540984,0,0,0
future,mowing,Tra_ori,6,2_5,NA,0,0,0,0,0,52.47540984,0,0,0
future,mowing,Tra_ori,6,2_5,NA,0,0,0,0,0,52.47540984,0,0,0
future,mowing,Tra_ori,6,2_5,NA,0,0,0,0,0,52.47540984,0,0,0
future,mowing,Tra_ori,6,2_5,NA,0,0,1,0,0,52.47540984,0,0,0
future,mowing,Tra_ori,7,2_5,NA,0,0,0,0,0,52.47540984,0,0,0
future,mowing,Tra_ori,8,2_5,4,1,0,0,1,0,52.47540984,1,1,0
future,mowing,Tra_ori,8,2_5,NA,0,0,1,0,0,52.47540984,0,0,0
future,mowing,Tra_ori,5,6_3,NA,0,0,0,0,0,52.47540984,0,0,0
future,mowing,Tra_ori,6,6_3,NA,0,0,0,1,0,52.47540984,1,0,0
future,mowing,Tra_ori,6,6_3,12,1,0,0,1,0,52.47540984,1,1,0
future,mowing,Tra_ori,5,6_3,11,0,4,0,0,0,52.47540984,0,1,209.9016393
future,mowing,Tra_ori,2,7_2,NA,0,0,0,0,0,52.47540984,0,0,0
future,mowing,Tra_ori,2,2_5,3,1,0,0,0,0,52.47540984,0,1,0
future,mowing,Tra_ori,2,2_5,6,1,0,0,0,0,52.47540984,0,1,0
future,mowing,Tra_ori,2,2_5,NA,0,0,0,0,0,52.47540984,0,0,0
future,mowing,Tra_ori,2,2_5,NA,0,0,0,0,0,52.47540984,0,0,0
future,mowing,Tra_ori,1,2_5,5,1,0,0,0,0,52.47540984,0,1,0
future,mowing,Tra_ori,8,2_5,4,0,0,0,0,0,52.47540984,0,1,0
future,mowing,Tra_ori,1,2_5,NA,0,0,0,0,0,52.47540984,0,0,0
future,mowing,Tra_ori,4,2_5,4,1,0,0,0,0,52.47540984,0,1,0
future,mowing,Tra_ori,1,4_4,9,1,0,0,0,1,52.47540984,1,1,0
future,mowing,Tra_ori,2,2_5,NA,0,0,0,0,1,52.47540984,1,0,0
future,mowing,Tra_ori,2,2_5,7,1,0,0,0,1,52.47540984,1,1,0
future,mowing,Tra_ori,2,2_5,20,1,0,0,0,1,52.47540984,1,1,0
future,mowing,Tra_ori,2,2_5,NA,0,0,0,0,0,52.47540984,0,0,0
future,mowing,Tra_ori,2,2_5,NA,0,0,0,0,0,52.47540984,0,0,0
future,mowing,Tra_ori,2,2_5,NA,0,0,0,0,0,52.47540984,0,0,0
future,mowing,Tra_ori,3,2_5,NA,0,0,1,0,0,52.47540984,0,0,0
future,mowing,Tra_ori,4,2_5,NA,0,0,0,0,0,52.47540984,0,0,0
future,mowing,Tra_ori,4,2_5,7,1,0,0,0,0,52.47540984,0,1,0
future,mowing,Tra_ori,1,4_4,8,1,0,0,0,1,52.47540984,1,1,0
future,mowing,Tra_ori,1,4_4,10,1,0,0,0,1,52.47540984,1,1,0
future,mowing,Tra_ori,2,4_4,NA,0,0,0,0,0,52.47540984,0,0,0
future,mowing,Tra_ori,2,4_4,NA,0,0,0,0,0,52.47540984,0,0,0
future,mowing,Tra_ori,2,4_4,NA,0,0,0,0,0,52.47540984,0,0,0
future,mowing,Tra_ori,3,4_4,NA,0,0,0,0,0,52.47540984,0,0,0
future,mowing,Tra_ori,3,4_4,NA,0,0,0,0,0,52.47540984,0,0,0
future,mowing,Tra_ori,3,4_4,NA,0,0,0,0,0,52.47540984,0,0,0
future,mowing,Tra_ori,4,4_4,NA,0,0,0,0,0,52.47540984,0,0,0
future,mowing,Tra_ori,4,4_4,8,1,0,0,0,0,52.47540984,0,1,0
future,mowing,Tra_ori,6,6_3,9,0,0,0,0,0,52.47540984,0,1,0
future,mowing,Tra_ori,6,6_3,7,1,0,0,0,0,52.47540984,0,1,0
future,mowing,Tra_ori,6,6_3,NA,0,0,0,0,0,52.47540984,0,0,0
future,mowing,Tra_ori,2,7_2,20,0,0,0,0,0,52.47540984,0,1,0
future,mowing,Tra_ori,2,7_2,4,0,0,0,0,0,52.47540984,0,1,0
future,mowing,Tra_ori,3,7_2,4,1,0,0,1,1,52.47540984,2,1,0
future,mowing,Tra_ori,3,7_2,4,0,0,0,1,1,52.47540984,2,1,0
future,mowing,Tra_ori,8,2_5,NA,0,0,1,0,0,52.47540984,0,0,0
future,mowing,Tra_ori,1,2_5,9,0,0,0,0,0,52.47540984,0,1,0
future,mowing,Tra_ori,1,2_5,NA,0,0,0,0,0,52.47540984,0,0,0
future,mowing,Tra_ori,6,6_3,NA,0,0,1,0,0,52.47540984,0,0,0
future,mowing,Tra_ori,1,4_4,3,1,0,0,0,0,52.47540984,0,1,0
future,mowing,Tra_ori,6,7_2,6,0,0,0,0,0,52.47540984,0,1,0
future,mowing,Tra_ori,6,7_2,3,1,0,0,0,0,52.47540984,0,1,0
future,mowing,Tra_ori,6,7_2,3,0,0,0,0,0,52.47540984,0,1,0
future,mowing,Tra_ori,6,7_2,3,1,0,0,0,0,52.47540984,0,1,0
future,mowing,Tra_ori,8,7_2,2,0,0,0,0,0,52.47540984,0,1,0
future,mowing,Tra_ori,8,7_2,2,0,0,0,0,0,52.47540984,0,1,0
future,mowing,Tra_ori,8,7_2,2,1,0,0,0,0,52.47540984,0,1,0
future,mowing,Tra_ori,1,2_5,NA,0,0,0,0,0,52.47540984,0,0,0
future,mowing,Tra_ori,1,2_5,NA,0,0,0,0,0,52.47540984,0,0,0
future,mowing,Tra_ori,4,4_4,NA,0,0,0,0,0,52.47540984,0,0,0
future,mowing,Tra_ori,4,4_4,NA,0,0,0,0,0,52.47540984,0,0,0
future,mowing,Tra_ori,5,4_4,5,1,0,0,0,0,52.47540984,0,1,0
future,mowing,Tra_ori,6,4_4,3,0,0,0,0,1,52.47540984,1,1,0
future,mowing,Tra_ori,7,4_4,10,0,3,0,0,0,52.47540984,0,1,157.4262295
future,mowing,Tra_ori,1,2_5,7,1,0,0,0,0,52.47540984,0,1,0
future,mowing,Tra_ori,1,2_5,9,1,0,0,0,0,52.47540984,0,1,0
future,mowing,Tra_ori,1,2_5,NA,0,0,0,0,0,52.47540984,0,0,0
future,mowing,Tra_ori,1,2_5,NA,0,0,1,0,0,52.47540984,0,0,0
future,mowing,Tra_ori,1,2_5,NA,0,0,0,0,0,52.47540984,0,0,0
future,mowing,Tra_ori,2,2_5,NA,0,0,0,0,0,52.47540984,0,0,0
future,mowing,Tra_ori,2,2_5,14,1,0,0,0,0,52.47540984,0,1,0
future,mowing,Tra_ori,2,2_5,31,0,2,0,0,0,52.47540984,0,1,104.9508197
future,mowing,Tra_ori,2,2_5,NA,0,0,1,0,0,52.47540984,0,0,0
future,mowing,Tra_ori,2,2_5,NA,0,0,1,0,0,52.47540984,0,0,0
future,mowing,Tra_ori,2,2_5,NA,0,0,1,0,0,52.47540984,0,0,0
future,mowing,Tra_ori,3,2_5,10,0,0,0,0,0,52.47540984,0,1,0
future,mowing,Tra_ori,4,2_5,NA,0,0,0,0,0,52.47540984,0,0,0
future,mowing,Tra_ori,4,2_5,14,0,1,0,0,0,52.47540984,0,1,52.47540984
future,mowing,Tra_ori,1,4_4,8,0,0,0,0,0,52.47540984,0,1,0
future,mowing,Tra_ori,1,4_4,9,0,0,0,0,0,52.47540984,0,1,0
future,mowing,Tra_ori,2,4_4,NA,0,0,0,0,0,52.47540984,0,0,0
future,mowing,Tra_ori,2,4_4,NA,0,0,0,0,0,52.47540984,0,0,0
future,mowing,Tra_ori,2,4_4,NA,0,0,0,0,0,52.47540984,0,0,0
future,mowing,Tra_ori,3,4_4,NA,0,0,0,0,0,52.47540984,0,0,0
future,mowing,Tra_ori,3,4_4,NA,0,0,0,0,0,52.47540984,0,0,0
future,mowing,Tra_ori,3,4_4,NA,0,0,0,0,0,52.47540984,0,0,0
future,mowing,Tra_ori,4,4_4,NA,0,0,0,0,0,52.47540984,0,0,0
future,mowing,Tra_ori,4,4_4,10,1,0,0,0,0,52.47540984,0,1,0
future,mowing,Tra_ori,1,2_5,NA,0,0,0,0,0,52.47540984,0,0,0
future,mowing,Tra_ori,2,2_5,5,0,0,0,0,0,52.47540984,0,1,0
future,mowing,Tra_ori,5,4_4,NA,0,0,0,0,0,52.47540984,0,0,0
future,mowing,Tra_ori,6,4_4,NA,0,0,0,0,0,52.47540984,0,0,0
future,mowing,Tra_ori,7,4_4,NA,0,0,0,0,0,52.47540984,0,0,0
future,mowing,Tra_ori,7,4_4,NA,0,0,0,0,0,52.47540984,0,0,0
future,mowing,Tra_ori,8,4_4,NA,0,0,0,0,0,52.47540984,0,0,0
future,mowing,Tra_ori,8,4_4,NA,0,0,0,0,0,52.47540984,0,0,0
future,mowing,Tra_ori,3,7_2,NA,0,0,0,0,0,52.47540984,0,0,0
future,mowing,Tra_ori,3,7_2,6,1,0,0,0,0,52.47540984,0,1,0
future,mowing,Tra_ori,5,7_2,NA,0,0,0,0,0,52.47540984,0,0,0
future,mowing,Tra_ori,5,7_2,4,0,0,0,0,0,52.47540984,0,1,0
future,mowing,Tra_ori,6,7_2,NA,0,0,0,0,0,52.47540984,0,0,0
future,mowing,Tra_ori,6,7_2,5,1,0,0,0,0,52.47540984,0,1,0
future,mowing,Tra_ori,6,7_2,NA,0,0,0,0,0,52.47540984,0,0,0
future,mowing,Tra_ori,6,7_2,4,1,0,0,0,0,52.47540984,0,1,0
future,mowing,Tra_ori,8,7_2,NA,0,0,0,0,0,52.47540984,0,0,0
future,mowing,Tra_ori,8,7_2,NA,0,0,0,0,0,52.47540984,0,0,0
future,mowing,Tra_ori,8,7_2,4,0,0,0,0,0,52.47540984,0,1,0
future,mowing,Tra_ori,1,9_1,4,1,0,0,0,0,52.47540984,0,1,0
future,mowing,Tra_ori,2,9_1,3,1,0,0,1,0,52.47540984,1,1,0
future,mowing,Tra_ori,4,4_4,NA,0,0,0,0,0,52.47540984,0,0,0
future,mowing,Tra_ori,4,4_4,NA,0,0,0,0,0,52.47540984,0,0,0
future,mowing,Tra_ori,5,4_4,11,0,4,0,0,0,52.47540984,0,1,209.9016393
future,mowing,Tra_ori,6,4_4,NA,0,0,0,0,3,52.47540984,3,0,0
future,mowing,Tra_ori,7,4_4,NA,0,0,0,0,0,52.47540984,0,0,0
future,mowing,Tra_ori,1,2_5,6,1,0,0,0,0,52.47540984,0,1,0
future,mowing,Tra_ori,1,2_5,9,1,0,0,0,0,52.47540984,0,1,0
future,mowing,Tra_ori,1,2_5,NA,0,0,0,0,0,52.47540984,0,0,0
future,mowing,Tra_ori,1,2_5,13,0,0,0,0,0,52.47540984,0,1,0
future,mowing,Tra_ori,1,2_5,NA,0,0,1,0,0,52.47540984,0,0,0
future,mowing,Tra_ori,2,2_5,NA,0,0,0,0,0,52.47540984,0,0,0
future,mowing,Tra_ori,2,2_5,12,1,0,0,0,0,52.47540984,0,1,0
future,mowing,Tra_ori,2,2_5,NA,0,0,0,0,0,52.47540984,0,0,0
future,mowing,Tra_ori,2,2_5,3,0,0,0,0,0,52.47540984,0,1,0
future,mowing,Tra_ori,2,2_5,3,0,0,0,0,0,52.47540984,0,1,0
future,mowing,Tra_ori,2,2_5,4,0,0,0,0,0,52.47540984,0,1,0
future,mowing,Tra_ori,3,2_5,NA,0,0,0,1,0,52.47540984,1,0,0
future,mowing,Tra_ori,4,2_5,NA,0,0,0,0,0,52.47540984,0,0,0
future,mowing,Tra_ori,4,2_5,NA,0,0,0,0,0,52.47540984,0,0,0
future,mowing,Tra_ori,4,4_4,NA,0,0,1,0,0,52.47540984,0,0,0
future,mowing,Tra_ori,4,4_4,NA,0,0,1,0,0,52.47540984,0,0,0
future,mowing,Tra_ori,6,2_5,NA,0,0,0,0,0,52.47540984,0,0,0
future,mowing,Tra_ori,6,2_5,NA,0,0,0,0,0,52.47540984,0,0,0
future,mowing,Tra_ori,6,2_5,3,1,0,0,1,0,52.47540984,1,1,0
future,mowing,Tra_ori,7,2_5,NA,0,0,0,0,0,52.47540984,0,0,0
future,mowing,Tra_ori,8,2_5,5,1,0,0,0,1,52.47540984,1,1,0
future,mowing,Tra_ori,8,2_5,4,1,0,0,0,0,52.47540984,0,1,0
future,mowing,Tra_ori,4,6_3,NA,0,0,0,0,0,52.47540984,0,0,0
future,mowing,Tra_ori,5,6_3,NA,0,0,0,0,0,52.47540984,0,0,0
future,mowing,Tra_ori,5,6_3,NA,0,0,0,0,0,52.47540984,0,0,0
future,mowing,Tra_ori,6,6_3,NA,0,0,0,0,0,52.47540984,0,0,0
future,mowing,Tra_ori,6,6_3,5,1,0,0,0,0,52.47540984,0,1,0
future,mowing,Tra_ori,6,6_3,4,1,0,0,0,0,52.47540984,0,1,0
future,mowing,Tra_ori,2,7_2,NA,0,0,0,0,0,52.47540984,0,0,0
future,mowing,Tra_ori,2,7_2,NA,0,0,0,0,0,52.47540984,0,0,0
future,mowing,Tra_ori,3,7_2,6,0,0,0,0,0,52.47540984,0,1,0
future,mowing,Tra_ori,3,7_2,NA,0,0,0,0,0,52.47540984,0,0,0
future,mowing,Tra_ori,3,7_2,NA,0,0,0,0,0,52.47540984,0,0,0
future,mowing,Tra_ori,3,7_2,9,0,0,0,0,0,52.47540984,0,1,0
future,mowing,Tra_ori,5,7_2,NA,0,0,0,0,0,52.47540984,0,0,0
future,mowing,Tra_ori,5,7_2,NA,0,0,0,0,0,52.47540984,0,0,0
future,mowing,Tra_ori,6,7_2,NA,0,0,0,0,0,52.47540984,0,0,0
future,mowing,Tra_ori,6,7_2,5,1,0,0,0,0,52.47540984,0,1,0
future,mowing,Tra_ori,6,7_2,NA,0,0,0,0,0,52.47540984,0,0,0
future,mowing,Tra_ori,6,7_2,3,1,0,0,0,0,52.47540984,0,1,0
future,mowing,Tra_ori,8,7_2,NA,0,0,0,0,0,52.47540984,0,0,0
future,mowing,Tra_ori,8,7_2,NA,0,0,0,0,0,52.47540984,0,0,0
future,mowing,Tra_ori,8,7_2,NA,0,0,0,0,0,52.47540984,0,0,0
future,mowing,Tra_ori,1,9_1,6,1,0,0,0,0,52.47540984,0,1,0
future,mowing,Tra_ori,2,9_1,5,1,0,0,0,0,52.47540984,0,1,0
future,mowing,Tra_ori,4,4_4,NA,0,0,0,0,0,52.47540984,0,0,0
future,mowing,Tra_ori,4,4_4,NA,0,0,0,0,0,52.47540984,0,0,0
future,mowing,Tra_ori,5,4_4,NA,0,0,0,0,1,52.47540984,1,0,0
future,mowing,Tra_ori,6,4_4,NA,0,0,0,0,0,52.47540984,0,0,0
future,mowing,Tra_ori,7,4_4,NA,0,0,0,0,0,52.47540984,0,0,0
future,mowing,Tra_ori,7,4_4,NA,0,0,0,0,0,52.47540984,0,0,0
future,mowing,Tra_ori,8,4_4,NA,0,0,0,0,0,52.47540984,0,0,0
future,mowing,Tra_ori,8,4_4,NA,0,0,0,0,0,52.47540984,0,0,0
future,mowing,Tra_ori,3,7_2,4,0,0,0,1,1,52.47540984,2,1,0
future,mowing,Tra_ori,3,7_2,NA,0,0,1,1,0,52.47540984,1,0,0
future,mowing,Tra_ori,5,7_2,3,0,0,0,0,0,52.47540984,0,1,0
future,mowing,Tra_ori,5,7_2,NA,0,0,1,0,0,52.47540984,0,0,0
future,mowing,Tra_ori,6,9_1,NA,0,0,0,0,0,52.47540984,0,0,0
future,mowing,Tra_ori,8,9_1,4,0,0,0,2,0,52.47540984,2,1,0
future,mowing,Tra_ori,8,9_1,NA,0,0,0,2,0,52.47540984,2,0,0
future,mowing,Tra_ori,8,9_1,3,1,0,0,2,0,52.47540984,2,1,0
future,mowing,Tra_ori,8,9_1,7,1,0,0,2,0,52.47540984,2,1,0
future,mowing,Tra_ori,8,9_1,NA,0,0,0,0,0,52.47540984,0,0,0
future,mowing,Tra_ori,8,9_1,NA,0,0,0,0,0,52.47540984,0,0,0
future,mowing,Tra_ori,4,4_4,NA,0,0,0,0,1,52.47540984,1,0,0
future,mowing,Tra_ori,4,4_4,NA,0,0,1,0,0,52.47540984,0,0,0
future,mowing,Tra_ori,1,6_3,NA,0,0,0,0,0,52.47540984,0,0,0
future,mowing,Tra_ori,3,6_3,NA,0,0,0,0,0,52.47540984,0,0,0
future,mowing,Tra_ori,3,6_3,5,1,0,0,0,0,52.47540984,0,1,0
future,mowing,Tra_ori,4,6_3,3,0,0,0,0,0,52.47540984,0,1,0
future,mowing,Tra_ori,4,6_3,NA,0,0,0,0,0,52.47540984,0,0,0
future,mowing,Tra_ori,4,6_3,NA,0,0,0,0,0,52.47540984,0,0,0
future,mowing,Tra_ori,4,6_3,NA,0,0,1,0,0,52.47540984,0,0,0
future,mowing,Tra_ori,5,6_3,NA,0,0,0,0,0,52.47540984,0,0,0
future,mowing,Tra_ori,5,6_3,NA,0,0,0,0,0,52.47540984,0,0,0
future,mowing,Tra_ori,6,6_3,NA,0,0,0,0,1,52.47540984,1,0,0
future,mowing,Tra_ori,6,6_3,5,1,0,0,0,1,52.47540984,1,1,0
future,mowing,Tra_ori,6,6_3,4,0,0,0,0,1,52.47540984,1,1,0
future,mowing,Tra_ori,2,7_2,NA,0,0,0,0,0,52.47540984,0,0,0
future,mowing,Tra_ori,2,7_2,NA,0,0,0,0,0,52.47540984,0,0,0
future,mowing,Tra_ori,3,7_2,NA,0,0,0,0,0,52.47540984,0,0,0
future,mowing,Tra_ori,3,7_2,NA,0,0,0,0,0,52.47540984,0,0,0
future,mowing,Tra_ori,3,7_2,NA,0,0,0,0,0,52.47540984,0,0,0
future,mowing,Tra_ori,3,7_2,NA,0,0,0,0,0,52.47540984,0,0,0
future,mowing,Tra_ori,5,7_2,NA,0,0,0,0,0,52.47540984,0,0,0
future,mowing,Tra_ori,5,7_2,NA,0,0,0,0,0,52.47540984,0,0,0
future,mowing,Tra_ori,6,7_2,NA,0,0,0,0,0,52.47540984,0,0,0
future,mowing,Tra_ori,6,7_2,5,0,0,0,0,0,52.47540984,0,1,0
future,mowing,Tra_ori,6,7_2,NA,0,0,0,0,0,52.47540984,0,0,0
future,mowing,Tra_ori,6,7_2,4,0,0,0,0,0,52.47540984,0,1,0
future,mowing,Tra_ori,8,7_2,NA,0,0,0,0,0,52.47540984,0,0,0
future,mowing,Tra_ori,8,7_2,NA,0,0,0,0,0,52.47540984,0,0,0
future,mowing,Tra_ori,8,7_2,NA,0,0,0,0,0,52.47540984,0,0,0
future,mowing,Tra_ori,1,9_1,7,1,0,0,0,0,52.47540984,0,1,0
future,mowing,Tra_ori,2,9_1,5,1,0,0,0,0,52.47540984,0,1,0
future,mowing,Tra_ori,2,9_1,6,0,0,0,0,0,52.47540984,0,1,0
future,mowing,Tra_ori,4,9_1,NA,0,0,0,0,0,52.47540984,0,0,0
future,mowing,Tra_ori,4,9_1,NA,0,0,0,0,0,52.47540984,0,0,0
future,mowing,Tra_ori,4,9_1,5,1,0,0,0,0,52.47540984,0,1,0
future,mowing,Tra_ori,4,9_1,7,1,0,0,0,0,52.47540984,0,1,0
future,mowing,Tra_ori,4,9_1,4,1,0,0,0,0,52.47540984,0,1,0
future,mowing,Tra_ori,5,9_1,10,0,1,0,0,0,52.47540984,0,1,52.47540984
future,mowing,Tra_ori,5,9_1,NA,0,0,0,0,0,52.47540984,0,0,0
future,mowing,Tra_ori,5,9_1,NA,0,0,0,0,0,52.47540984,0,0,0
future,mowing,Tra_ori,5,9_1,4,1,0,0,0,0,52.47540984,0,1,0
future,mowing,Tra_ori,5,9_1,NA,0,0,1,0,0,52.47540984,0,0,0
future,mowing,Tra_ori,5,9_1,NA,0,0,1,0,0,52.47540984,0,0,0
future,mowing,Tra_ori,6,9_1,NA,0,0,0,0,0,52.47540984,0,0,0
future,mowing,Tra_ori,8,9_1,NA,0,0,0,0,0,52.47540984,0,0,0
future,mowing,Tra_ori,8,9_1,NA,0,0,0,0,0,52.47540984,0,0,0
future,mowing,Tra_ori,8,9_1,7,1,0,0,0,0,52.47540984,0,1,0
future,mowing,Tra_ori,8,9_1,10,1,0,0,0,0,52.47540984,0,1,0
future,mowing,Tra_ori,8,9_1,NA,0,0,1,0,0,52.47540984,0,0,0
future,mowing,Tra_ori,8,9_1,NA,0,0,1,0,0,52.47540984,0,0,0
future,mowing,Tra_ori,8,2_5,NA,0,0,0,0,0,52.47540984,0,0,0
future,mowing,Tra_ori,8,2_5,NA,0,0,0,0,0,52.47540984,0,0,0
future,mowing,Tra_ori,2,9_1,NA,0,0,0,0,0,52.47540984,0,0,0
future,mowing,Tra_ori,4,9_1,4,0,0,0,0,0,52.47540984,0,1,0
future,mowing,Tra_ori,4,9_1,4,1,0,0,0,0,52.47540984,0,1,0
future,mowing,Tra_ori,4,9_1,NA,0,0,1,0,0,52.47540984,0,0,0
future,mowing,Tra_ori,4,9_1,NA,0,0,1,0,0,52.47540984,0,0,0
future,mowing,Tra_ori,4,9_1,NA,0,0,1,0,0,52.47540984,0,0,0
future,mowing,Tra_ori,5,9_1,4,1,0,0,0,0,52.47540984,0,1,0
future,mowing,Tra_ori,5,9_1,3,0,0,0,0,0,52.47540984,0,1,0
future,mowing,Tra_ori,5,9_1,4,0,0,0,0,0,52.47540984,0,1,0
future,mowing,Tra_ori,5,9_1,3,1,0,0,0,0,52.47540984,0,1,0
future,mowing,Tra_ori,5,9_1,NA,0,0,0,0,0,52.47540984,0,0,0
future,mowing,Tra_ori,5,9_1,NA,0,0,0,0,0,52.47540984,0,0,0
future,mowing,Tra_ori,6,9_1,5,0,0,0,0,0,52.47540984,0,1,0
future,mowing,Tra_ori,8,9_1,4,1,0,0,0,0,52.47540984,0,1,0
future,mowing,Tra_ori,8,9_1,46,0,4,0,0,0,52.47540984,0,1,209.9016393
future,mowing,Tra_ori,8,9_1,NA,0,0,1,0,0,52.47540984,0,0,0
future,mowing,Tra_ori,8,9_1,NA,0,0,1,0,0,52.47540984,0,0,0
future,mowing,Tra_ori,8,9_1,NA,0,0,0,0,0,52.47540984,0,0,0
future,mowing,Tra_ori,8,9_1,NA,0,0,0,0,0,52.47540984,0,0,0
future,mowing,Tra_ori,6,2_5,NA,0,0,0,0,0,52.47540984,0,0,0
future,mowing,Tra_ori,6,2_5,NA,0,0,0,0,0,52.47540984,0,0,0
future,mowing,Tra_ori,1,6_3,NA,0,0,0,0,0,52.47540984,0,0,0
future,mowing,Tra_ori,3,6_3,NA,0,0,0,0,0,52.47540984,0,0,0
future,mowing,Tra_ori,3,6_3,7,1,0,0,0,0,52.47540984,0,1,0
future,mowing,Tra_ori,4,6_3,4,1,0,0,0,0,52.47540984,0,1,0
future,mowing,Tra_ori,4,6_3,NA,0,0,0,0,0,52.47540984,0,0,0
future,mowing,Tra_ori,4,6_3,NA,0,0,0,0,0,52.47540984,0,0,0
future,mowing,Tra_ori,1,9_1,8,1,0,0,0,0,52.47540984,0,1,0
future,mowing,Tra_ori,2,9_1,6,1,0,0,0,0,52.47540984,0,1,0
future,mowing,Tra_ori,2,9_1,NA,0,0,0,0,0,52.47540984,0,0,0
future,mowing,Tra_ori,4,9_1,NA,0,0,0,0,0,52.47540984,0,0,0
future,mowing,Tra_ori,4,9_1,NA,0,0,0,0,0,52.47540984,0,0,0
future,mowing,Tra_ori,4,9_1,6,0,0,0,0,0,52.47540984,0,1,0
future,mowing,Tra_ori,4,9_1,7,1,0,0,0,0,52.47540984,0,1,0
future,mowing,Tra_ori,4,9_1,6,1,0,0,0,0,52.47540984,0,1,0
future,mowing,Tra_ori,5,9_1,NA,0,0,0,0,0,52.47540984,0,0,0
future,mowing,Tra_ori,5,9_1,NA,0,0,0,0,0,52.47540984,0,0,0
future,mowing,Tra_ori,5,9_1,NA,0,0,0,0,0,52.47540984,0,0,0
future,mowing,Tra_ori,5,9_1,5,0,0,0,0,0,52.47540984,0,1,0
future,mowing,Tra_ori,5,9_1,15,1,0,0,0,0,52.47540984,0,1,0
future,mowing,Tra_ori,5,9_1,3,1,0,0,0,0,52.47540984,0,1,0
future,mowing,Tra_ori,6,9_1,NA,0,0,0,0,0,52.47540984,0,0,0
future,mowing,Tra_ori,8,9_1,NA,0,0,0,0,0,52.47540984,0,0,0
future,mowing,Tra_ori,8,9_1,NA,0,0,0,0,0,52.47540984,0,0,0
future,mowing,Tra_ori,8,9_1,5,1,0,0,0,0,52.47540984,0,1,0
future,mowing,Tra_ori,8,9_1,15,0,0,0,0,0,52.47540984,0,1,0
future,mowing,Tra_ori,8,9_1,3,0,0,0,0,0,52.47540984,0,1,0
future,mowing,Tra_ori,8,9_1,4,1,0,0,0,0,52.47540984,0,1,0
future,mowing,Tra_ori,8,2_5,NA,0,0,0,0,0,52.47540984,0,0,0
future,mowing,Tra_ori,8,2_5,NA,0,0,0,0,0,52.47540984,0,0,0
future,mowing,Tra_ori,2,9_1,NA,0,0,1,0,0,52.47540984,0,0,0
future,mowing,Tra_ori,4,9_1,NA,0,0,0,1,0,52.47540984,1,0,0
future,mowing,Tra_ori,4,9_1,19,0,0,0,1,0,52.47540984,1,1,0
future,mowing,Tra_ori,4,9_1,4,1,0,0,1,0,52.47540984,1,1,0
future,mowing,Tra_ori,4,9_1,6,1,0,0,1,0,52.47540984,1,1,0
future,mowing,Tra_ori,4,9_1,4,1,0,0,1,0,52.47540984,1,1,0
future,mowing,Tra_ori,5,9_1,8,1,0,0,0,0,52.47540984,0,1,0
future,mowing,Tra_ori,5,9_1,NA,0,0,0,0,0,52.47540984,0,0,0
future,mowing,Tra_ori,5,9_1,NA,0,0,0,0,0,52.47540984,0,0,0
future,mowing,Tra_ori,5,9_1,3,1,0,0,0,0,52.47540984,0,1,0
future,mowing,Tra_ori,5,9_1,NA,0,0,0,0,0,52.47540984,0,0,0
future,mowing,Tra_ori,5,9_1,NA,0,0,0,0,0,52.47540984,0,0,0
future,mowing,Tra_ori,1,4_4,5,1,0,0,0,0,52.47540984,0,1,0
